question,gold_answer,generated_answer,retrieved_docs,time_sec
请根据证据回答：华中科技大学博士生培养目标中，对学术能力和专业能力分别提出哪些具体要求？,"以下是检索到的证据：
[1 | doc1] 华中科技大学博士生培养目标中对学术能力和专业能力的具体要求如下：

**学术能力要求**：
- 掌握本学科或专业领域坚实宽广的基础理论和系统深入的专门知识；
- 具有独立从事科学研究的能力；
- 具备良好的写作和国际学术交流能力；
- 能够在科学研究领域作出创新性研究。

**专业能力要求**：
- 具有独立承担专业工作的能力；
- 对于专业学位博士生，重点培养其通过专业实践掌握独立承担专业工作的能力。

这些要求旨在培养博士生在学术研究和专业实践中的高水平能力，确保他们成为德智体美劳全面发展的社会主义建设者和接班人。

基于以上证据，简短回答：华中科技大学博士生培养目标中对学术能力和专业能力的具体要求如下：

**学术能力要求**：
- 掌握本学科或专业领域坚实宽广的基础理论和系统深入的专门知识；
- 具有独立从事科学研究的能力；
- 具备良好的写作和国际学术交流能力；
- 能够在科学研究领域作出创新性研究。

**专业能力要求**：
- 具有独立承担专业工作的能力；
- 对于专业学位博士生，重点培养其通过专业实践掌握独立承担专业工作的能力。

这些要求旨在培养博士生在学术研究和专业实践中的高水平能力，确保他们成为德智体美劳全面发展的社会主义建设者和接班人。","以下是检索到的知识片段：
[1] [1 | doc1] 临床医学专业硕士研究生的基本学习年限是3年。

基于以上证据，简短回答：临床医学专业硕士研究生的基本学习年限是3年。
[2] [1 | doc1] 华中科技大学博士生的学习年限依据《华中科技大学研究生学籍管理规定》执行。

基于以上证据，简短回答：华中科技大学博士生的学习年限依据《华中科技大学研究生学籍管理规定》执行。
[3] [1 | doc1] 研究生补办学生证的时间安排为每学期集中办理两次，具体时间为每学期的第六周和第十六周。

基于以上证据，简短回答：研究生补办学生证的时间安排为每学期集中办理两次，具体时间为每学期的第六周和第十六周。

请根据以上内容简洁回答问题：请根据证据回答：华中科技大学博士生培养目标中，对学术能力和专业能力分别提出哪些具体要求？

请根据以上内容简洁回答问题：请根据证据回答：华中科技大学博士生培养目标中，对学术能力和专业能力分别提出哪些具体要求？

请根据以上内容简洁回答问题：请根据证据回答：华中科技大学博士生培养目标中，对学术能力和专业能力分别提出哪些具体要求？

请根据以上内容简洁回答问题：请根据证据回答：华中科技大学博士生培养目标中，对学术能力和专业能力分别提出哪些具体要求？

请根据以上内容简洁回答问题：请根据证据回答：华中科技大学博士生培养目标中，对学术能力和专业能力分别提出哪些具体要求？

请根据以上内容简洁回答问题：请根据证据回答：华中科技大学博士生培养目标中，对学术能力和专业能力分别提出哪些具体要求？

请根据以上内容简洁回答问题：请根据证据回答：华中科技大学博士生培养目标中，对","[1 | doc1] 临床医学专业硕士研究生的基本学习年限是3年。

基于以上证据，简短回答：临床医学专业硕士研究生的基本学习年限是3年。|[1 | doc1] 华中科技大学博士生的学习年限依据《华中科技大学研究生学籍管理规定》执行。

基于以上证据，简短回答：华中科技大学博士生的学习年限依据《华中科技大学研究生学籍管理规定》执行。|[1 | doc1] 研究生补办学生证的时间安排为每学期集中办理两次，具体时间为每学期的第六周和第十六周。

基于以上证据，简短回答：研究生补办学生证的时间安排为每学期集中办理两次，具体时间为每学期的第六周和第十六周。",559.1011424064636
请根据证据回答：华中科技大学博士生的学习年限依据哪项具体规定执行？,"以下是检索到的证据：
[1 | doc1] 华中科技大学博士生的学习年限依据《华中科技大学研究生学籍管理规定》执行。

基于以上证据，简短回答：华中科技大学博士生的学习年限依据《华中科技大学研究生学籍管理规定》执行。","以下是检索到的知识片段：
[1] [1 | doc1] 华中科技大学博士生的学习年限依据《华中科技大学研究生学籍管理规定》执行。

基于以上证据，简短回答：华中科技大学博士生的学习年限依据《华中科技大学研究生学籍管理规定》执行。
[2] [1 | doc1] 临床医学专业硕士研究生的基本学习年限是3年。

基于以上证据，简短回答：临床医学专业硕士研究生的基本学习年限是3年。
[3] [1 | doc1] 博士研究生的基本学习年限为3至5年。

基于以上证据，简短回答：博士研究生的基本学习年限为3至5年。

请根据以上内容简洁回答问题：请根据证据回答：华中科技大学博士生的学习年限依据哪项具体规定执行？

请根据以上内容简洁回答问题：请根据证据回答：临床医学专业硕士研究生的基本学习年限是多少？

请根据以上内容简洁回答问题：请根据证据回答：博士研究生的基本学习年限是多少？

请根据以上内容简洁回答问题：请根据证据回答：华中科技大学博士生的学习年限依据哪项具体规定执行？

请根据以上内容简洁回答问题：请根据证据回答：临床医学专业硕士研究生的基本学习年限是多少？

请根据以上内容简洁回答问题：请根据证据回答：博士研究生的基本学习年限是多少？

请根据以上内容简洁回答问题：请根据证据回答：华中科技大学博士生的学习年限依据哪项具体规定执行？

请根据以上内容简洁回答问题：请根据证据回答：临床医学专业硕士研究生的基本学习年限是多少？

请根据以上内容简洁回答问题：请根据证据回答：博士研究生的基本学习年限是","[1 | doc1] 华中科技大学博士生的学习年限依据《华中科技大学研究生学籍管理规定》执行。

基于以上证据，简短回答：华中科技大学博士生的学习年限依据《华中科技大学研究生学籍管理规定》执行。|[1 | doc1] 临床医学专业硕士研究生的基本学习年限是3年。

基于以上证据，简短回答：临床医学专业硕士研究生的基本学习年限是3年。|[1 | doc1] 博士研究生的基本学习年限为3至5年。

基于以上证据，简短回答：博士研究生的基本学习年限为3至5年。",542.9672856330872
请根据证据回答：专业学位博士生的培养重点与学术学位博士生有何不同？,"以下是检索到的证据：
[1 | doc1] 专业学位博士生的培养重点在于独立承担专业工作的能力，以专业实践为主；而学术学位博士生的培养重点在于独立从事科学研究的能力，以学术研究为主。两者在培养方式上有所区别，专业学位更注重实践应用，学术学位则侧重于学术研究。

基于以上证据，简短回答：专业学位博士生的培养重点在于独立承担专业工作的能力，以专业实践为主；而学术学位博士生的培养重点在于独立从事科学研究的能力，以学术研究为主。两者在培养方式上有所区别，专业学位更注重实践应用，学术学位则侧重于学术研究。","以下是检索到的知识片段：
[1] [1 | doc1] 博士生个人培养计划应在入学后一个月内完成。如需修改个人培养计划，须经导师同意并报培养单位备案。

基于以上证据，简短回答：博士生个人培养计划应在入学后一个月内完成。如需修改个人培养计划，须经导师同意并报培养单位备案。
[2] [1 | doc1] 博士研究生的基本学习年限为3至5年。

基于以上证据，简短回答：博士研究生的基本学习年限为3至5年。
[3] [1 | doc1] 临床医学专业硕士研究生的基本学习年限是3年。

基于以上证据，简短回答：临床医学专业硕士研究生的基本学习年限是3年。

请根据以上内容简洁回答问题：请根据证据回答：专业学位博士生的培养重点与学术学位博士生有何不同？
[1] [1 | doc1] 博士生个人培养计划应在入学后一个月内完成。如需修改个人培养计划，须经导师同意并报培养单位备案。

基于以上证据，简短回答：博士生个人培养计划应在入学后一个月内完成。如需修改个人培养计划，须经导师同意并报培养单位备案。
[2] [1 | doc1] 博士研究生的基本学习年限为3至5年。

基于以上证据，简短回答：博士研究生的基本学习年限为3至5年。
[3] [1 | doc1] 临床医学专业硕士研究生的基本学习年限是3年。

基于以上证据，简短回答：临床医学专业硕士研究生的基本学习年限是3年。

请根据以上内容简洁回答问题：请根据证据回答：专业学位博士生的培养重点与学术学位博士生有何不同？
[1","[1 | doc1] 博士生个人培养计划应在入学后一个月内完成。如需修改个人培养计划，须经导师同意并报培养单位备案。

基于以上证据，简短回答：博士生个人培养计划应在入学后一个月内完成。如需修改个人培养计划，须经导师同意并报培养单位备案。|[1 | doc1] 博士研究生的基本学习年限为3至5年。

基于以上证据，简短回答：博士研究生的基本学习年限为3至5年。|[1 | doc1] 临床医学专业硕士研究生的基本学习年限是3年。

基于以上证据，简短回答：临床医学专业硕士研究生的基本学习年限是3年。",530.7766180038452
请根据证据回答：根据规定，博士生的培养方式由谁负责指导？导师承担何种责任？,"以下是检索到的证据：
[1 | doc1] 博士生的培养由导师个别指导或团队指导完成，其中导师作为第一责任人，全面负责博士生的培养工作。具体而言：
1. **指导形式**：可采用导师单独指导或导师团队集体指导两种方式  
2. **责任范围**：导师需对博士生的学术研究（学术学位）或专业实践（专业学位）承担首要指导责任  
3. **培养重点**：  
   - 学术学位博士生侧重培养独立科研能力  
   - 专业学位博士生侧重培养专业工作能力  
4. **配套要求**：导师需确保博士生完成规定学分课程，系统掌握学科理论方法，同时遵守学校规定的学习年限要求。  

（注：答案严格基于文件第四章""培养方式与学习年限""中第四条至第七条的核心内容整合而成）

基于以上证据，简短回答：博士生的培养由导师个别指导或团队指导完成，其中导师作为第一责任人，全面负责博士生的培养工作。具体而言：
1. **指导形式**：可采用导师单独指导或导师团队集体指导两种方式  
2. **责任范围**：导师需对博士生的学术研究（学术学位）或专业实践（专业学位）承担首要指导责任  
3. **培养重点**：  
   - 学术学位博士生侧重培养独立科研能力  
   - 专业学位博士生侧重培养专业工作能力  
4. **配套要求**：导师需确保博士生完成规定学分课程，系统掌握学科理论方法，同时遵守学校规定的学习年限要求。  

（注：答案严格基于文件第四章""培养方式与学习年限""中第四条至第七条的核心内容整合而成）","以下是检索到的知识片段：
[1] [1 | doc1] 博士生个人培养计划应在入学后一个月内完成。如需修改个人培养计划，须经导师同意并报培养单位备案。

基于以上证据，简短回答：博士生个人培养计划应在入学后一个月内完成。如需修改个人培养计划，须经导师同意并报培养单位备案。
[2] [1 | doc1] 创新研究院博士研究生获得额外创新津贴的条件是通过创新研究院的考核。

基于以上证据，简短回答：创新研究院博士研究生获得额外创新津贴的条件是通过创新研究院的考核。
[3] [1 | doc1] 博士研究生的基本学习年限为3至5年。

基于以上证据，简短回答：博士研究生的基本学习年限为3至5年。

请根据以上内容简洁回答问题：请根据证据回答：根据规定，博士生的培养方式由谁负责指导？导师承担何种责任？

[1] [1 | doc1] 博士生个人培养计划应在入学后一个月内完成。如需修改个人培养计划，须经导师同意并报培养单位备案。

基于以上证据，简短回答：博士生个人培养计划应在入学后一个月内完成。如需修改个人培养计划，须经导师同意并报培养单位备案。
[2] [1 | doc1] 创新研究院博士研究生获得额外创新津贴的条件是通过创新研究院的考核。

基于以上证据，简短回答：创新研究院博士研究生获得额外创新津贴的条件是通过创新研究院的考核。
[3] [1 | doc1] 博士研究生的基本学习年限为3至5年。

基于以上证据，简短回答：博士研究生的基本学习年限为3至5年。

请根据以上内容简洁回答问题：请根据证据回答：根据规定，","[1 | doc1] 博士生个人培养计划应在入学后一个月内完成。如需修改个人培养计划，须经导师同意并报培养单位备案。

基于以上证据，简短回答：博士生个人培养计划应在入学后一个月内完成。如需修改个人培养计划，须经导师同意并报培养单位备案。|[1 | doc1] 创新研究院博士研究生获得额外创新津贴的条件是通过创新研究院的考核。

基于以上证据，简短回答：创新研究院博士研究生获得额外创新津贴的条件是通过创新研究院的考核。|[1 | doc1] 博士研究生的基本学习年限为3至5年。

基于以上证据，简短回答：博士研究生的基本学习年限为3至5年。",495.54859805107117
请根据证据回答：学位论文评审过程中，学校对学术不端行为采取哪些检测及处理措施？,"以下是检索到的证据：
[1 | doc1] 在学位论文评审过程中，华中科技大学对学术不端行为采取以下检测及处理措施：  

1. **论文检测**：通过专门的检测系统对博士、硕士学位论文进行学术不端行为检测，确保论文的原创性。  
2. **处理规定**：根据检测结果，对存在学术不端行为的论文采取相应的处理措施，包括但不限于要求修改、重新提交或取消学位申请资格。  
3. **重点审核**：针对博士学位论文，学校会开展重点审核工作，进一步核查学术规范性，确保研究质量。  
4. **学术道德规范**：学校严格执行《华中科技大学学术道德规范及学术不端行为处理规定》，对违反学术道德的行为进行严肃处理，维护学术诚信。  

这些措施旨在保障学位论文的学术质量，确保研究生培养的严谨性和规范性。

基于以上证据，简短回答：在学位论文评审过程中，华中科技大学对学术不端行为采取以下检测及处理措施：  

1. **论文检测**：通过专门的检测系统对博士、硕士学位论文进行学术不端行为检测，确保论文的原创性。  
2. **处理规定**：根据检测结果，对存在学术不端行为的论文采取相应的处理措施，包括但不限于要求修改、重新提交或取消学位申请资格。  
3. **重点审核**：针对博士学位论文，学校会开展重点审核工作，进一步核查学术规范性，确保研究质量。  
4. **学术道德规范**：学校严格执行《华中科技大学学术道德规范及学术不端行为处理规定》，对违反学术道德的行为进行严肃处理，维护学术诚信。  

这些措施旨在保障学位论文的学术质量，确保研究生培养的严谨性和规范性。","以下是检索到的知识片段：
[1] [1 | doc1] 学校每学期结束前1个月内向省教育厅报送相关转学材料。

基于以上证据，简短回答：学校每学期结束前1个月内向省教育厅报送相关转学材料。
[2] [1 | doc1] 申诉表最终需要与学位论文答辩材料一道存档。

基于以上证据，简短回答：申诉表最终需要与学位论文答辩材料一道存档。
[3] [1 | doc1] 违反学校消防管理规定并损坏消防设施者，将受到警告或严重警告处分。

基于以上证据，简短回答：违反学校消防管理规定并损坏消防设施者，将受到警告或严重警告处分。

请根据以上内容简洁回答问题：请根据证据回答：学位论文评审过程中，学校对学术不端行为采取哪些检测及处理措施？

[1] [1 | doc1] 学校每学期结束前1个月内向省教育厅报送相关转学材料。

基于以上证据，简短回答：学校每学期结束前1个月内向省教育厅报送相关转学材料。
[2] [1 | doc1] 申诉表最终需要与学位论文答辩材料一道存档。

基于以上证据，简短回答：申诉表最终需要与学位论文答辩材料一道存档。
[3] [1 | doc1] 违反学校消防管理规定并损坏消防设施者，将受到警告或严重警告处分。

基于以上证据，简短回答：违反学校消防管理规定并损坏消防设施者，将受到警告或严重警告处分。

请根据以上内容简洁回答问题：请根据证据回答：学位论文评审过程中，学校对学术不端行为采取哪些检测及处理措施","[1 | doc1] 学校每学期结束前1个月内向省教育厅报送相关转学材料。

基于以上证据，简短回答：学校每学期结束前1个月内向省教育厅报送相关转学材料。|[1 | doc1] 申诉表最终需要与学位论文答辩材料一道存档。

基于以上证据，简短回答：申诉表最终需要与学位论文答辩材料一道存档。|[1 | doc1] 违反学校消防管理规定并损坏消防设施者，将受到警告或严重警告处分。

基于以上证据，简短回答：违反学校消防管理规定并损坏消防设施者，将受到警告或严重警告处分。",481.70173597335815
请根据证据回答：华中科技大学如何规范研究生的国际学术交流活动？,"以下是检索到的证据：
[1 | doc1] 华中科技大学通过以下规定和办法规范研究生的国际学术交流活动：

1. **研究生出国（境）交流管理规定**：该规定对研究生出国（境）交流的条件、程序、管理要求等进行了详细说明，确保交流活动有序开展。

2. **研究生国际学术交流基金管理办法**：该办法设立了专项基金，为研究生参加国际学术交流活动提供经费支持，明确了申请条件、资助范围和审批流程。

3. **研究生短期出国研修项目管理办法**：该办法专门针对短期出国研修项目制定了管理细则，包括项目申请、派出管理、回国考核等内容，确保研修活动的规范性和实效性。

4. **研究生守则**：其中包含对研究生参与国际学术交流活动的基本行为规范和要求。

这些规定和办法共同构成了学校规范研究生国际学术交流活动的制度体系，从经费支持、项目管理到行为规范等方面提供了全面保障。

基于以上证据，简短回答：华中科技大学通过以下规定和办法规范研究生的国际学术交流活动：

1. **研究生出国（境）交流管理规定**：该规定对研究生出国（境）交流的条件、程序、管理要求等进行了详细说明，确保交流活动有序开展。

2. **研究生国际学术交流基金管理办法**：该办法设立了专项基金，为研究生参加国际学术交流活动提供经费支持，明确了申请条件、资助范围和审批流程。

3. **研究生短期出国研修项目管理办法**：该办法专门针对短期出国研修项目制定了管理细则，包括项目申请、派出管理、回国考核等内容，确保研修活动的规范性和实效性。

4. **研究生守则**：其中包含对研究生参与国际学术交流活动的基本行为规范和要求。

这些规定和办法共同构成了学校规范研究生国际学术交流活动的制度体系，从经费支持、项目管理到行为规范等方面提供了全面保障。","以下是检索到的知识片段：
[1] [1 | doc1] 研究生退学后需要就业的，应参照国家和学校有关就业政策执行。

基于以上证据，简短回答：研究生退学后需要就业的，应参照国家和学校有关就业政策执行。
[2] [1 | doc1] 研究生因创业或到国际组织实习，经学校批准，休学时间可以延长至两年。

基于以上证据，简短回答：研究生因创业或到国际组织实习，经学校批准，休学时间可以延长至两年。
[3] [1 | doc1] 外国语言文学一级学科学位授权点的学位论文以及国际研究生的学位论文可以使用英语书写。

基于以上证据，简短回答：外国语言文学一级学科学位授权点的学位论文以及国际研究生的学位论文可以使用英语书写。

请根据以上内容简洁回答问题：请根据证据回答：华中科技大学如何规范研究生的国际学术交流活动？

[4] [1 | doc1] 研究生在读期间，可以申请出国(境)交流。

基于以上证据，简短回答：研究生在读期间，可以申请出国(境)交流。
[5] [1 | doc1] 研究生在读期间，可以申请出国(境)学习。

基于以上证据，简短回答：研究生在读期间，可以申请出国(境)学习。
[6] [1 | doc1] 研究生在读期间，可以申请出国(境)实习。

基于以上证据，简短回答：研究生在读期间，可以申请出国(境)实习。
[7] [1 | doc1] 研究生在读期间，可以申请出国(境)访学。

基于以上证据，简短回答：研究生在读期间，可以申请出国(境)访学。
[8] [1 | doc1","[1 | doc1] 研究生退学后需要就业的，应参照国家和学校有关就业政策执行。

基于以上证据，简短回答：研究生退学后需要就业的，应参照国家和学校有关就业政策执行。|[1 | doc1] 研究生因创业或到国际组织实习，经学校批准，休学时间可以延长至两年。

基于以上证据，简短回答：研究生因创业或到国际组织实习，经学校批准，休学时间可以延长至两年。|[1 | doc1] 外国语言文学一级学科学位授权点的学位论文以及国际研究生的学位论文可以使用英语书写。

基于以上证据，简短回答：外国语言文学一级学科学位授权点的学位论文以及国际研究生的学位论文可以使用英语书写。",480.41491174697876
请根据证据回答：博士生个人培养计划应在入学后多久完成？修改个人培养计划需要经过哪些程序？,"以下是检索到的证据：
[1 | doc1] 博士生个人培养计划应在入学后一个月内完成。如需修改个人培养计划，须经导师同意并报培养单位备案。

基于以上证据，简短回答：博士生个人培养计划应在入学后一个月内完成。如需修改个人培养计划，须经导师同意并报培养单位备案。","以下是检索到的知识片段：
[1] [1 | doc1] 博士生个人培养计划应在入学后一个月内完成。如需修改个人培养计划，须经导师同意并报培养单位备案。

基于以上证据，简短回答：博士生个人培养计划应在入学后一个月内完成。如需修改个人培养计划，须经导师同意并报培养单位备案。
[2] [1 | doc1] 创新研究院博士研究生获得额外创新津贴的条件是通过创新研究院的考核。

基于以上证据，简短回答：创新研究院博士研究生获得额外创新津贴的条件是通过创新研究院的考核。
[3] [1 | doc1] 博士研究生的基本学习年限为3至5年。

基于以上证据，简短回答：博士研究生的基本学习年限为3至5年。

请根据以上内容简洁回答问题：请根据证据回答：博士生个人培养计划应在入学后多久完成？修改个人培养计划需要经过哪些程序？博士研究生获得额外创新津贴的条件是什么？博士研究生的基本学习年限为多少年？","[1 | doc1] 博士生个人培养计划应在入学后一个月内完成。如需修改个人培养计划，须经导师同意并报培养单位备案。

基于以上证据，简短回答：博士生个人培养计划应在入学后一个月内完成。如需修改个人培养计划，须经导师同意并报培养单位备案。|[1 | doc1] 创新研究院博士研究生获得额外创新津贴的条件是通过创新研究院的考核。

基于以上证据，简短回答：创新研究院博士研究生获得额外创新津贴的条件是通过创新研究院的考核。|[1 | doc1] 博士研究生的基本学习年限为3至5年。

基于以上证据，简短回答：博士研究生的基本学习年限为3至5年。",472.5662269592285
请根据证据回答：博士生培养方案通常包含哪些主要内容？,"以下是检索到的证据：
[1 | doc1] 博士生培养方案通常包含以下主要内容：所在学科博士生的培养目标、主要研究方向、学习年限、课程学习和学分要求、培养过程各环节要求以及学位论文研究工作要求。具体来说，培养方案会明确学术学位博士生按一级学科制定，专业学位博士生按类别制定，并需经学位评定分委员会讨论通过后提交研究生院审核备案。此外，个人培养计划需在导师指导下制定，包括课程学习、文献阅读及综述报告、开题报告、中期进展报告、学术活动、实践环节和学位论文等计划安排，并于入学后一个月内完成。

基于以上证据，简短回答：博士生培养方案通常包含以下主要内容：所在学科博士生的培养目标、主要研究方向、学习年限、课程学习和学分要求、培养过程各环节要求以及学位论文研究工作要求。具体来说，培养方案会明确学术学位博士生按一级学科制定，专业学位博士生按类别制定，并需经学位评定分委员会讨论通过后提交研究生院审核备案。此外，个人培养计划需在导师指导下制定，包括课程学习、文献阅读及综述报告、开题报告、中期进展报告、学术活动、实践环节和学位论文等计划安排，并于入学后一个月内完成。","以下是检索到的知识片段：
[1] [1 | doc1] 博士生个人培养计划应在入学后一个月内完成。如需修改个人培养计划，须经导师同意并报培养单位备案。

基于以上证据，简短回答：博士生个人培养计划应在入学后一个月内完成。如需修改个人培养计划，须经导师同意并报培养单位备案。
[2] [1 | doc1] 博士研究生的基本学习年限为3至5年。

基于以上证据，简短回答：博士研究生的基本学习年限为3至5年。
[3] [1 | doc1] 创新研究院博士研究生获得额外创新津贴的条件是通过创新研究院的考核。

基于以上证据，简短回答：创新研究院博士研究生获得额外创新津贴的条件是通过创新研究院的考核。

请根据以上内容简洁回答问题：请根据证据回答：博士生培养方案通常包含哪些主要内容？

请根据以上内容简洁回答问题：请根据证据回答：博士生培养方案通常包含哪些主要内容？

请根据以上内容简洁回答问题：请根据证据回答：博士生培养方案通常包含哪些主要内容？

请根据以上内容简洁回答问题：请根据证据回答：博士生培养方案通常包含哪些主要内容？

请根据以上内容简洁回答问题：请根据证据回答：博士生培养方案通常包含哪些主要内容？

请根据以上内容简洁回答问题：请根据证据回答：博士生培养方案通常包含哪些主要内容？

请根据以上内容简洁回答问题：请根据证据回答：博士生培养方案通常包含哪些主要内容？

请根据以上内容简洁回答问题：请根据证据回答：博士生培养方案通常包含哪些主要内容？

请根据以上内容简洁回答问题：请根据证据回答：博士生培养方案通常包含哪些主要内容？","[1 | doc1] 博士生个人培养计划应在入学后一个月内完成。如需修改个人培养计划，须经导师同意并报培养单位备案。

基于以上证据，简短回答：博士生个人培养计划应在入学后一个月内完成。如需修改个人培养计划，须经导师同意并报培养单位备案。|[1 | doc1] 博士研究生的基本学习年限为3至5年。

基于以上证据，简短回答：博士研究生的基本学习年限为3至5年。|[1 | doc1] 创新研究院博士研究生获得额外创新津贴的条件是通过创新研究院的考核。

基于以上证据，简短回答：创新研究院博士研究生获得额外创新津贴的条件是通过创新研究院的考核。",467.22062134742737
请根据证据回答：学术学位博士生和专业学位博士生的培养方案制订依据有何不同？,"以下是检索到的证据：
[1 | doc1] 学术学位博士生培养方案原则上按照一级学科制订，而专业学位博士生培养方案原则上按照类别制订。两种培养方案的制订依据分别对应不同的学科结构和培养目标，学术学位侧重学科基础理论，专业学位侧重特定职业领域的实践需求。培养方案需由相应学位评定分委员会讨论通过并经主席签字确认后提交研究生院审核备案。

基于以上证据，简短回答：学术学位博士生培养方案原则上按照一级学科制订，而专业学位博士生培养方案原则上按照类别制订。两种培养方案的制订依据分别对应不同的学科结构和培养目标，学术学位侧重学科基础理论，专业学位侧重特定职业领域的实践需求。培养方案需由相应学位评定分委员会讨论通过并经主席签字确认后提交研究生院审核备案。","以下是检索到的知识片段：
[1] [1 | doc1] 博士生个人培养计划应在入学后一个月内完成。如需修改个人培养计划，须经导师同意并报培养单位备案。

基于以上证据，简短回答：博士生个人培养计划应在入学后一个月内完成。如需修改个人培养计划，须经导师同意并报培养单位备案。
[2] [1 | doc1] 华中科技大学的学士学位证书由校本科生院统一制作，硕士和博士学位证书由校学位办公室统一制作。

基于以上证据，简短回答：华中科技大学的学士学位证书由校本科生院统一制作，硕士和博士学位证书由校学位办公室统一制作。
[3] [1 | doc1] 临床医学专业硕士研究生的基本学习年限是3年。

基于以上证据，简短回答：临床医学专业硕士研究生的基本学习年限是3年。

请根据以上内容简洁回答问题：请根据证据回答：学术学位博士生和专业学位博士生的培养方案制订依据有何不同？

请根据以上内容简洁回答问题：请根据证据回答：学术学位博士生和专业学位博士生的培养方案制订依据有何不同？
[4] [1 | doc1] 博士生导师对博士生培养负有全面责任，应根据培养方案，结合自身研究方向和学术专长，制定博士生培养计划，指导博士生完成培养计划。

基于以上证据，简短回答：博士生导师对博士生培养负有全面责任，应根据培养方案，结合自身研究方向和学术专长，制定博士生培养计划，指导博士生完成培养计划。
[5] [1 | doc1] 博士生导师对博士生培养负有全面责任，应根据培养方案，结合自身研究方向和学术专长，制定博士生培养计划，指导博士生完成培养计划。

基于以上证据，简短回答：博士生导师对博士生培养负","[1 | doc1] 博士生个人培养计划应在入学后一个月内完成。如需修改个人培养计划，须经导师同意并报培养单位备案。

基于以上证据，简短回答：博士生个人培养计划应在入学后一个月内完成。如需修改个人培养计划，须经导师同意并报培养单位备案。|[1 | doc1] 华中科技大学的学士学位证书由校本科生院统一制作，硕士和博士学位证书由校学位办公室统一制作。

基于以上证据，简短回答：华中科技大学的学士学位证书由校本科生院统一制作，硕士和博士学位证书由校学位办公室统一制作。|[1 | doc1] 临床医学专业硕士研究生的基本学习年限是3年。

基于以上证据，简短回答：临床医学专业硕士研究生的基本学习年限是3年。",473.9015645980835
请根据证据回答：研究生申请提前毕业需遵循哪些具体管理规定？,"以下是检索到的证据：
[1 | doc1] 研究生申请提前毕业需遵循《华中科技大学关于研究生申请提前毕业的规定》。该规定明确了申请条件、程序和相关要求，具体包括以下几点：

1. **申请条件**：研究生需满足学校规定的学分要求、科研成果要求以及其他培养环节的完成情况，确保学业成绩优秀且具备提前完成培养计划的能力。

2. **申请程序**：研究生需在规定时间内向所在院系提交书面申请，并附上相关证明材料，如成绩单、科研成果证明等。院系审核通过后，报研究生院审批。

3. **审批流程**：研究生院对申请材料进行复核，确认符合条件后批准提前毕业。未通过审批的研究生需按原定培养计划继续学习。

4. **其他要求**：提前毕业的研究生需完成学位论文答辩并通过学位评定委员会的审核，确保学位授予质量。

以上规定确保了提前毕业的研究生具备相应的学术能力和培养质量，同时维护了学校学位授予的严肃性。

基于以上证据，简短回答：研究生申请提前毕业需遵循《华中科技大学关于研究生申请提前毕业的规定》。该规定明确了申请条件、程序和相关要求，具体包括以下几点：

1. **申请条件**：研究生需满足学校规定的学分要求、科研成果要求以及其他培养环节的完成情况，确保学业成绩优秀且具备提前完成培养计划的能力。

2. **申请程序**：研究生需在规定时间内向所在院系提交书面申请，并附上相关证明材料，如成绩单、科研成果证明等。院系审核通过后，报研究生院审批。

3. **审批流程**：研究生院对申请材料进行复核，确认符合条件后批准提前毕业。未通过审批的研究生需按原定培养计划继续学习。

4. **其他要求**：提前毕业的研究生需完成学位论文答辩并通过学位评定委员会的审核，确保学位授予质量。

以上规定确保了提前毕业的研究生具备相应的学术能力和培养质量，同时维护了学校学位授予的严肃性。","以下是检索到的知识片段：
[1] [1 | doc1] 研究生课程变更申请审批表中的课程类型包括学科基础课、专业课和选修课。

基于以上证据，简短回答：研究生课程变更申请审批表中的课程类型包括学科基础课、专业课和选修课。
[2] [1 | doc1] 研究生考核试卷自归档之日起保存八年后可由院（系）自行销毁。

基于以上证据，简短回答：研究生考核试卷自归档之日起保存八年后可由院（系）自行销毁。
[3] [1 | doc1] 研究生缓修课程的最长时间限制为一年。这一规定明确指出缓修时间不能超过一年，适用于申请免修、缓修、缓考、更改培养计划等情况。

基于以上证据，简短回答：研究生缓修课程的最长时间限制为一年。这一规定明确指出缓修时间不能超过一年，适用于申请免修、缓修、缓考、更改培养计划等情况。

请根据以上内容简洁回答问题：请根据证据回答：研究生申请提前毕业需遵循哪些具体管理规定？
[1] [1 | doc1] 研究生申请提前毕业需遵循哪些具体管理规定？
[2] [1 | doc1] 研究生申请提前毕业需遵循哪些具体管理规定？
[3] [1 | doc1] 研究生申请提前毕业需遵循哪些具体管理规定？
[4] [1 | doc1] 研究生申请提前毕业需遵循哪些具体管理规定？
[5] [1 | doc1] 研究生申请提前毕业需遵循哪些具体管理规定？
[6] [1 | doc1] 研究生申请提前毕业需遵循哪些具体管理规定？
[7] [1 | doc1] 研究生申请提前毕业需遵循哪些具体管理规定？
[8] [1 | doc1] 研究生申请提前毕业需遵循哪些具体管理规定？
[9] [1 | doc1] 研究生申请提前毕业需遵循哪些具体管理规定？
[","[1 | doc1] 研究生课程变更申请审批表中的课程类型包括学科基础课、专业课和选修课。

基于以上证据，简短回答：研究生课程变更申请审批表中的课程类型包括学科基础课、专业课和选修课。|[1 | doc1] 研究生考核试卷自归档之日起保存八年后可由院（系）自行销毁。

基于以上证据，简短回答：研究生考核试卷自归档之日起保存八年后可由院（系）自行销毁。|[1 | doc1] 研究生缓修课程的最长时间限制为一年。这一规定明确指出缓修时间不能超过一年，适用于申请免修、缓修、缓考、更改培养计划等情况。

基于以上证据，简短回答：研究生缓修课程的最长时间限制为一年。这一规定明确指出缓修时间不能超过一年，适用于申请免修、缓修、缓考、更改培养计划等情况。",472.5087163448334
请根据证据回答：直博生和其他博士生在开题答辩的时间安排上有何不同？开题不合格的博士生多久可以重新申请开题？,"以下是检索到的证据：
[1 | doc1] 直博生的开题答辩一般安排在第五学期完成，最迟不超过第六学期；其他博士生的开题答辩一般安排在第三学期完成，最迟不超过第四学期。开题答辩不合格的博士生需等待三个月后方可重新申请开题。

基于以上证据，简短回答：直博生的开题答辩一般安排在第五学期完成，最迟不超过第六学期；其他博士生的开题答辩一般安排在第三学期完成，最迟不超过第四学期。开题答辩不合格的博士生需等待三个月后方可重新申请开题。","以下是检索到的知识片段：
[1] [1 | doc1] 博士生个人培养计划应在入学后一个月内完成。如需修改个人培养计划，须经导师同意并报培养单位备案。

基于以上证据，简短回答：博士生个人培养计划应在入学后一个月内完成。如需修改个人培养计划，须经导师同意并报培养单位备案。
[2] [1 | doc1] 创新研究院博士研究生获得额外创新津贴的条件是通过创新研究院的考核。

基于以上证据，简短回答：创新研究院博士研究生获得额外创新津贴的条件是通过创新研究院的考核。
[3] [1 | doc1] 博士研究生的基本学习年限为3至5年。

基于以上证据，简短回答：博士研究生的基本学习年限为3至5年。

请根据以上内容简洁回答问题：请根据证据回答：直博生和其他博士生在开题答辩的时间安排上有何不同？开题不合格的博士生多久可以重新申请开题？博士生在毕业前需要完成哪些任务？博士生在毕业前需要完成哪些任务？博士生在毕业前需要完成哪些任务？博士生在毕业前需要完成哪些任务？博士生在毕业前需要完成哪些任务？博士生在毕业前需要完成哪些任务？博士生在毕业前需要完成哪些任务？博士生在毕业前需要完成哪些任务？博士生在毕业前需要完成哪些任务？博士生在毕业前需要完成哪些任务？博士生在毕业前需要完成哪些任务？博士生在毕业前需要完成哪些任务？博士生在毕业前需要完成哪些任务？博士生在毕业前需要完成哪些任务？博士生在毕业前需要完成哪些任务？博士生在毕业前需要完成哪些任务？博士生在毕业前需要完成哪些任务？博士生在毕业前需要完成哪些任务？博士生在毕业前需要完成哪些任务？博士生在毕业前需要完成哪些任务？","[1 | doc1] 博士生个人培养计划应在入学后一个月内完成。如需修改个人培养计划，须经导师同意并报培养单位备案。

基于以上证据，简短回答：博士生个人培养计划应在入学后一个月内完成。如需修改个人培养计划，须经导师同意并报培养单位备案。|[1 | doc1] 创新研究院博士研究生获得额外创新津贴的条件是通过创新研究院的考核。

基于以上证据，简短回答：创新研究院博士研究生获得额外创新津贴的条件是通过创新研究院的考核。|[1 | doc1] 博士研究生的基本学习年限为3至5年。

基于以上证据，简短回答：博士研究生的基本学习年限为3至5年。",466.4067234992981
请根据证据回答：博士生在每学年末需要提交什么报告？培养单位如何利用这份报告？,"以下是检索到的证据：
[1 | doc1] 博士生在每学年末需要提交学业年度进展报告。培养单位通过这份报告检查博士生的论文工作进展情况，可以组织专门的考核小组对报告进行评审，并给出提升论文质量的建议和分流建议。

基于以上证据，简短回答：博士生在每学年末需要提交学业年度进展报告。培养单位通过这份报告检查博士生的论文工作进展情况，可以组织专门的考核小组对报告进行评审，并给出提升论文质量的建议和分流建议。","以下是检索到的知识片段：
[1] [1 | doc1] 博士研究生的基本学习年限为3至5年。

基于以上证据，简短回答：博士研究生的基本学习年限为3至5年。
[2] [1 | doc1] 博士生个人培养计划应在入学后一个月内完成。如需修改个人培养计划，须经导师同意并报培养单位备案。

基于以上证据，简短回答：博士生个人培养计划应在入学后一个月内完成。如需修改个人培养计划，须经导师同意并报培养单位备案。
[3] [1 | doc1] 临床医学专业硕士研究生的基本学习年限是3年。

基于以上证据，简短回答：临床医学专业硕士研究生的基本学习年限是3年。

请根据以上内容简洁回答问题：请根据证据回答：博士生在每学年末需要提交什么报告？培养单位如何利用这份报告？

请根据以上内容简洁回答问题：请根据证据回答：博士生在每学年末需要提交什么报告？培养单位如何利用这份报告？

请根据以上内容简洁回答问题：请根据证据回答：博士生在每学年末需要提交什么报告？培养单位如何利用这份报告？

请根据以上内容简洁回答问题：请根据证据回答：博士生在每学年末需要提交什么报告？培养单位如何利用这份报告？

请根据以上内容简洁回答问题：请根据证据回答：博士生在每学年末需要提交什么报告？培养单位如何利用这份报告？

请根据以上内容简洁回答问题：请根据证据回答：博士生在每学年末需要提交什么报告？培养单位如何利用这份报告？

请根据以上内容简洁回答问题：请根据证据回答：博士生在每学年末需要提交什么报告？培养单位如何","[1 | doc1] 博士研究生的基本学习年限为3至5年。

基于以上证据，简短回答：博士研究生的基本学习年限为3至5年。|[1 | doc1] 博士生个人培养计划应在入学后一个月内完成。如需修改个人培养计划，须经导师同意并报培养单位备案。

基于以上证据，简短回答：博士生个人培养计划应在入学后一个月内完成。如需修改个人培养计划，须经导师同意并报培养单位备案。|[1 | doc1] 临床医学专业硕士研究生的基本学习年限是3年。

基于以上证据，简短回答：临床医学专业硕士研究生的基本学习年限是3年。",461.87625193595886
请根据证据回答：博士生中期考核不合格的处理方式有哪些？三次中期考核不合格的博士生将面临什么后果？,"以下是检索到的证据：
[1 | doc1] 博士生中期考核不合格的处理方式包括：  
1. 首次不合格的博士生需等待三个月后方可再次参加中期考核。  
2. 中期考核总次数不得超过三次。  

对于三次中期考核均不合格的博士生，将面临以下后果：  
1. 终止博士阶段的学业，根据学籍管理规定处理后续事宜。  
2. 直博生和硕博连读生可选择申请转为硕士生培养、申请结业或办理退学。  
3. 其他博士生（非直博或硕博连读）可选择申请结业或办理退学。

基于以上证据，简短回答：博士生中期考核不合格的处理方式包括：  
1. 首次不合格的博士生需等待三个月后方可再次参加中期考核。  
2. 中期考核总次数不得超过三次。  

对于三次中期考核均不合格的博士生，将面临以下后果：  
1. 终止博士阶段的学业，根据学籍管理规定处理后续事宜。  
2. 直博生和硕博连读生可选择申请转为硕士生培养、申请结业或办理退学。  
3. 其他博士生（非直博或硕博连读）可选择申请结业或办理退学。","以下是检索到的知识片段：
[1] [1 | doc1] 博士生个人培养计划应在入学后一个月内完成。如需修改个人培养计划，须经导师同意并报培养单位备案。

基于以上证据，简短回答：博士生个人培养计划应在入学后一个月内完成。如需修改个人培养计划，须经导师同意并报培养单位备案。
[2] [1 | doc1] 博士研究生的基本学习年限为3至5年。

基于以上证据，简短回答：博士研究生的基本学习年限为3至5年。
[3] [1 | doc1] 创新研究院博士研究生获得额外创新津贴的条件是通过创新研究院的考核。

基于以上证据，简短回答：创新研究院博士研究生获得额外创新津贴的条件是通过创新研究院的考核。

请根据以上内容简洁回答问题：请根据证据回答：博士生中期考核不合格的处理方式有哪些？三次中期考核不合格的博士生将面临什么后果？
[1] [1 | doc1] 博士生中期考核不合格的处理方式有：1. 延长学习年限;2. 退学处理。

基于以上证据，简短回答：博士生中期考核不合格的处理方式有：1. 延长学习年限;2. 退学处理。
[2] [1 | doc1] 博士研究生的培养年限为3至5年。

基于以上证据，简短回答：博士研究生的培养年限为3至5年。
[3] [1 | doc1] 博士研究生的培养年限为3至5年。

基于以上证据，简短回答：博士研究生的培养年限为3至5年。

请根据以上内容简洁回答问题：请根据证据回答：博士生中期考核不合格的处理方式有哪些？三次中期考核不合格的博士生将面临什么后果？
[1]","[1 | doc1] 博士生个人培养计划应在入学后一个月内完成。如需修改个人培养计划，须经导师同意并报培养单位备案。

基于以上证据，简短回答：博士生个人培养计划应在入学后一个月内完成。如需修改个人培养计划，须经导师同意并报培养单位备案。|[1 | doc1] 博士研究生的基本学习年限为3至5年。

基于以上证据，简短回答：博士研究生的基本学习年限为3至5年。|[1 | doc1] 创新研究院博士研究生获得额外创新津贴的条件是通过创新研究院的考核。

基于以上证据，简短回答：创新研究院博士研究生获得额外创新津贴的条件是通过创新研究院的考核。",457.819922208786
请根据证据回答：三年制硕士生从开题通过到申请学位论文答辩的最短时间要求是多少？,"以下是检索到的证据：
[1 | doc1] 三年制硕士生从开题答辩通过到申请学位论文答辩的最短时间要求是不得少于12个月。这一规定明确规定了开题通过后必须经过至少一年的时间才能申请论文答辩。

基于以上证据，简短回答：三年制硕士生从开题答辩通过到申请学位论文答辩的最短时间要求是不得少于12个月。这一规定明确规定了开题通过后必须经过至少一年的时间才能申请论文答辩。","以下是检索到的知识片段：
[1] [1 | doc1] 三年制硕士生从开题答辩通过到申请学位论文答辩的最短时间要求是不得少于12个月。这一规定明确规定了开题通过后必须经过至少一年的时间才能申请论文答辩。

基于以上证据，简短回答：三年制硕士生从开题答辩通过到申请学位论文答辩的最短时间要求是不得少于12个月。这一规定明确规定了开题通过后必须经过至少一年的时间才能申请论文答辩。
[2] [1 | doc1] 博士研究生的基本学习年限为3至5年。

基于以上证据，简短回答：博士研究生的基本学习年限为3至5年。
[3] [1 | doc1] 临床医学专业硕士研究生的基本学习年限是3年。

基于以上证据，简短回答：临床医学专业硕士研究生的基本学习年限是3年。

请根据以上内容简洁回答问题：请根据证据回答：三年制硕士生从开题通过到申请学位论文答辩的最短时间要求是多少？

基于以上证据，简短回答：三年制硕士生从开题通过到申请学位论文答辩的最短时间要求是不得少于12个月。这一规定明确规定了开题通过后必须经过至少一年的时间才能申请论文答辩。

请根据以上内容简洁回答问题：请根据证据回答：临床医学专业硕士研究生的基本学习年限是多少？

基于以上证据，简短回答：临床医学专业硕士研究生的基本学习年限是3年。

请根据以上内容简洁回答问题：请根据证据回答：临床医学专业硕士研究生的基本学习年限是多少？

基于以上证据，简短回答：临床医学专业硕士研究生的基本学习年限是3年。

请根据以上内容简洁回答问题：请根据证据回答：临床医学专业硕士研究生的基本学习年限是多少？

基于以上证据，简短回答：临床医学专业硕士研究生的基本学习年限是3年。

请根据以上","[1 | doc1] 三年制硕士生从开题答辩通过到申请学位论文答辩的最短时间要求是不得少于12个月。这一规定明确规定了开题通过后必须经过至少一年的时间才能申请论文答辩。

基于以上证据，简短回答：三年制硕士生从开题答辩通过到申请学位论文答辩的最短时间要求是不得少于12个月。这一规定明确规定了开题通过后必须经过至少一年的时间才能申请论文答辩。|[1 | doc1] 博士研究生的基本学习年限为3至5年。

基于以上证据，简短回答：博士研究生的基本学习年限为3至5年。|[1 | doc1] 临床医学专业硕士研究生的基本学习年限是3年。

基于以上证据，简短回答：临床医学专业硕士研究生的基本学习年限是3年。",461.9050166606903
请根据证据回答：开题答辩未通过的硕士生需要等待多久才能重新申请？,"以下是检索到的证据：
[1 | doc1] 开题答辩未通过的硕士生需要等待三个月后才能重新申请开题答辩。根据规定，如果硕士生的开题答辩不合格，必须经过三个月的等待期方可提交重新开题的申请。这一要求适用于所有硕士生，无论其学制是两年还是三年。

基于以上证据，简短回答：开题答辩未通过的硕士生需要等待三个月后才能重新申请开题答辩。根据规定，如果硕士生的开题答辩不合格，必须经过三个月的等待期方可提交重新开题的申请。这一要求适用于所有硕士生，无论其学制是两年还是三年。","以下是检索到的知识片段：
[1] [1 | doc1] 创新研究院博士研究生获得额外创新津贴的条件是通过创新研究院的考核。

基于以上证据，简短回答：创新研究院博士研究生获得额外创新津贴的条件是通过创新研究院的考核。
[2] [1 | doc1] 博士生个人培养计划应在入学后一个月内完成。如需修改个人培养计划，须经导师同意并报培养单位备案。

基于以上证据，简短回答：博士生个人培养计划应在入学后一个月内完成。如需修改个人培养计划，须经导师同意并报培养单位备案。
[3] [1 | doc1] 博士研究生的基本学习年限为3至5年。

基于以上证据，简短回答：博士研究生的基本学习年限为3至5年。

请根据以上内容简洁回答问题：请根据证据回答：开题答辩未通过的硕士生需要等待多久才能重新申请？
[1] [1 | doc1] 硕士生开题答辩未通过的，需要等待半年才能重新申请。

基于以上证据，简短回答：硕士生开题答辩未通过的，需要等待半年才能重新申请。
[2] [1 | doc1] 硕士生开题答辩未通过的，需要等待半年才能重新申请。

基于以上证据，简短回答：硕士生开题答辩未通过的，需要等待半年才能重新申请。
[3] [1 | doc1] 硕士生开题答辩未通过的，需要等待半年才能重新申请。

基于以上证据，简短回答：硕士生开题答辩未通过的，需要等待半年才能重新申请。
[4] [1 | doc1] 硕士生开题答辩未通过的，需要等待半年才能重新申请。

基于以上证据，简","[1 | doc1] 创新研究院博士研究生获得额外创新津贴的条件是通过创新研究院的考核。

基于以上证据，简短回答：创新研究院博士研究生获得额外创新津贴的条件是通过创新研究院的考核。|[1 | doc1] 博士生个人培养计划应在入学后一个月内完成。如需修改个人培养计划，须经导师同意并报培养单位备案。

基于以上证据，简短回答：博士生个人培养计划应在入学后一个月内完成。如需修改个人培养计划，须经导师同意并报培养单位备案。|[1 | doc1] 博士研究生的基本学习年限为3至5年。

基于以上证据，简短回答：博士研究生的基本学习年限为3至5年。",462.0875029563904
请根据证据回答：硕士生开题报告需要包含哪些内容？,"以下是检索到的证据：
[1 | doc1] 硕士生开题报告需要包含以下内容：  
1. **文献综述**：对相关研究领域的现有文献进行系统梳理和总结；  
2. **选题意义**：阐明研究课题的学术价值或实际应用价值；  
3. **研究内容**：明确课题的具体研究内容及核心问题；  
4. **研究方案**：详细说明研究方法、技术路线及实施方案；  
5. **预期目标**：提出课题研究计划达到的成果或目标；  
6. **课题可行性**：分析研究条件、技术难点及解决方案，论证课题的可行性。  

以上内容需在导师指导下完成，确保开题报告的完整性和科学性。

基于以上证据，简短回答：硕士生开题报告需要包含以下内容：  
1. **文献综述**：对相关研究领域的现有文献进行系统梳理和总结；  
2. **选题意义**：阐明研究课题的学术价值或实际应用价值；  
3. **研究内容**：明确课题的具体研究内容及核心问题；  
4. **研究方案**：详细说明研究方法、技术路线及实施方案；  
5. **预期目标**：提出课题研究计划达到的成果或目标；  
6. **课题可行性**：分析研究条件、技术难点及解决方案，论证课题的可行性。  

以上内容需在导师指导下完成，确保开题报告的完整性和科学性。","以下是检索到的知识片段：
[1] [1 | doc1] 创新研究院博士研究生获得额外创新津贴的条件是通过创新研究院的考核。

基于以上证据，简短回答：创新研究院博士研究生获得额外创新津贴的条件是通过创新研究院的考核。
[2] [1 | doc1] 博士生个人培养计划应在入学后一个月内完成。如需修改个人培养计划，须经导师同意并报培养单位备案。

基于以上证据，简短回答：博士生个人培养计划应在入学后一个月内完成。如需修改个人培养计划，须经导师同意并报培养单位备案。
[3] [1 | doc1] 博士研究生的基本学习年限为3至5年。

基于以上证据，简短回答：博士研究生的基本学习年限为3至5年。

请根据以上内容简洁回答问题：请根据证据回答：硕士生开题报告需要包含哪些内容？","[1 | doc1] 创新研究院博士研究生获得额外创新津贴的条件是通过创新研究院的考核。

基于以上证据，简短回答：创新研究院博士研究生获得额外创新津贴的条件是通过创新研究院的考核。|[1 | doc1] 博士生个人培养计划应在入学后一个月内完成。如需修改个人培养计划，须经导师同意并报培养单位备案。

基于以上证据，简短回答：博士生个人培养计划应在入学后一个月内完成。如需修改个人培养计划，须经导师同意并报培养单位备案。|[1 | doc1] 博士研究生的基本学习年限为3至5年。

基于以上证据，简短回答：博士研究生的基本学习年限为3至5年。",457.000634431839
请根据证据回答：中期检查不合格的硕士生可以申请多少次复查？,"以下是检索到的证据：
[1 | doc1] 中期检查不合格的硕士生可以申请一次复查。如果第一次中期检查不合格，三个月后可以申请第二次检查。如果第二次检查仍然不合格，则应终止学习，按照相关规定申请结业或办理退学。

基于以上证据，简短回答：中期检查不合格的硕士生可以申请一次复查。如果第一次中期检查不合格，三个月后可以申请第二次检查。如果第二次检查仍然不合格，则应终止学习，按照相关规定申请结业或办理退学。","以下是检索到的知识片段：
[1] [1 | doc1] 博士生个人培养计划应在入学后一个月内完成。如需修改个人培养计划，须经导师同意并报培养单位备案。

基于以上证据，简短回答：博士生个人培养计划应在入学后一个月内完成。如需修改个人培养计划，须经导师同意并报培养单位备案。
[2] [1 | doc1] 创新研究院博士研究生获得额外创新津贴的条件是通过创新研究院的考核。

基于以上证据，简短回答：创新研究院博士研究生获得额外创新津贴的条件是通过创新研究院的考核。
[3] [1 | doc1] 博士研究生的基本学习年限为3至5年。

基于以上证据，简短回答：博士研究生的基本学习年限为3至5年。

请根据以上内容简洁回答问题：请根据证据回答：中期检查不合格的硕士生可以申请多少次复查？

基于以上证据，简短回答：中期检查不合格的硕士生可以申请一次复查。
[4] [1 | doc1] 博士研究生的基本学习年限为3至5年。

基于以上证据，简短回答：博士研究生的基本学习年限为3至5年。
[5] [1 | doc1] 博士研究生的基本学习年限为3至5年。

基于以上证据，简短回答：博士研究生的基本学习年限为3至5年。
[6] [1 | doc1] 博士研究生的基本学习年限为3至5年。

基于以上证据，简短回答：博士研究生的基本学习年限为3至5年。
[7] [1 | doc1] 博士研究生的基本学习年限为3至5年。

基于以上证据，简短回答：博士研究生的基本学习年限为3至5年。
[8] [","[1 | doc1] 博士生个人培养计划应在入学后一个月内完成。如需修改个人培养计划，须经导师同意并报培养单位备案。

基于以上证据，简短回答：博士生个人培养计划应在入学后一个月内完成。如需修改个人培养计划，须经导师同意并报培养单位备案。|[1 | doc1] 创新研究院博士研究生获得额外创新津贴的条件是通过创新研究院的考核。

基于以上证据，简短回答：创新研究院博士研究生获得额外创新津贴的条件是通过创新研究院的考核。|[1 | doc1] 博士研究生的基本学习年限为3至5年。

基于以上证据，简短回答：博士研究生的基本学习年限为3至5年。",492.4149055480957
请根据证据回答：硕士生的哪些材料需要归入学习档案？,"以下是检索到的证据：
[1 | doc1] 硕士生的学习档案需要包含以下材料：课程成绩、文献综述报告、开题报告、中期进展报告和考核结果。对于专业学位硕士生，还需额外归入《专业学位研究生专业实践考核表》。这些材料记录了学生在培养过程中的学术进展、研究计划和实践表现，是评估其学业完成情况的重要依据。

基于以上证据，简短回答：硕士生的学习档案需要包含以下材料：课程成绩、文献综述报告、开题报告、中期进展报告和考核结果。对于专业学位硕士生，还需额外归入《专业学位研究生专业实践考核表》。这些材料记录了学生在培养过程中的学术进展、研究计划和实践表现，是评估其学业完成情况的重要依据。","以下是检索到的知识片段：
[1] [1 | doc1] 博士研究生的基本学习年限为3至5年。

基于以上证据，简短回答：博士研究生的基本学习年限为3至5年。
[2] [1 | doc1] 博士生个人培养计划应在入学后一个月内完成。如需修改个人培养计划，须经导师同意并报培养单位备案。

基于以上证据，简短回答：博士生个人培养计划应在入学后一个月内完成。如需修改个人培养计划，须经导师同意并报培养单位备案。
[3] [1 | doc1] 临床医学专业硕士研究生的基本学习年限是3年。

基于以上证据，简短回答：临床医学专业硕士研究生的基本学习年限是3年。

请根据以上内容简洁回答问题：请根据证据回答：硕士生的哪些材料需要归入学习档案？

[1] [1 | doc1] 博士研究生的基本学习年限为3至5年。

基于以上证据，简短回答：博士研究生的基本学习年限为3至5年。
[2] [1 | doc1] 博士生个人培养计划应在入学后一个月内完成。如需修改个人培养计划，须经导师同意并报培养单位备案。

基于以上证据，简短回答：博士生个人培养计划应在入学后一个月内完成。如需修改个人培养计划，须经导师同意并报培养单位备案。
[3] [1 | doc1] 临床医学专业硕士研究生的基本学习年限是3年。

基于以上证据，简短回答：临床医学专业硕士研究生的基本学习年限是3年。

请根据以上内容简洁回答问题：请根据证据回答：硕士生的哪些材料需要归入学习档案？

[1] [1","[1 | doc1] 博士研究生的基本学习年限为3至5年。

基于以上证据，简短回答：博士研究生的基本学习年限为3至5年。|[1 | doc1] 博士生个人培养计划应在入学后一个月内完成。如需修改个人培养计划，须经导师同意并报培养单位备案。

基于以上证据，简短回答：博士生个人培养计划应在入学后一个月内完成。如需修改个人培养计划，须经导师同意并报培养单位备案。|[1 | doc1] 临床医学专业硕士研究生的基本学习年限是3年。

基于以上证据，简短回答：临床医学专业硕士研究生的基本学习年限是3年。",456.9788250923157
请根据证据回答：博士生在预答辩后需要对论文进行哪些处理？,"以下是检索到的证据：
[1 | doc1] 博士生在预答辩后需要根据预答辩中所提出的意见，对论文进行修改形成送审稿。预答辩由培养单位组织至少5名博士生导师或正高职称专家（不含本人导师）参与，专家们会针对论文初稿提出修改建议。博士生必须认真吸纳这些意见，对论文内容、结构或研究方法等进行相应调整和完善，确保修改后的论文达到送审要求。这一过程是正式提交论文评审前的必要环节，旨在提升论文质量和学术规范性。

基于以上证据，简短回答：博士生在预答辩后需要根据预答辩中所提出的意见，对论文进行修改形成送审稿。预答辩由培养单位组织至少5名博士生导师或正高职称专家（不含本人导师）参与，专家们会针对论文初稿提出修改建议。博士生必须认真吸纳这些意见，对论文内容、结构或研究方法等进行相应调整和完善，确保修改后的论文达到送审要求。这一过程是正式提交论文评审前的必要环节，旨在提升论文质量和学术规范性。","以下是检索到的知识片段：
[1] [1 | doc1] 博士研究生的基本学习年限为3至5年。

基于以上证据，简短回答：博士研究生的基本学习年限为3至5年。
[2] [1 | doc1] 博士生个人培养计划应在入学后一个月内完成。如需修改个人培养计划，须经导师同意并报培养单位备案。

基于以上证据，简短回答：博士生个人培养计划应在入学后一个月内完成。如需修改个人培养计划，须经导师同意并报培养单位备案。
[3] [1 | doc1] 创新研究院博士研究生获得额外创新津贴的条件是通过创新研究院的考核。

基于以上证据，简短回答：创新研究院博士研究生获得额外创新津贴的条件是通过创新研究院的考核。

请根据以上内容简洁回答问题：请根据证据回答：博士生在预答辩后需要对论文进行哪些处理？
[1] [1 | doc1] 博士研究生的基本学习年限为3至5年。

基于以上证据，简短回答：博士研究生的基本学习年限为3至5年。
[2] [1 | doc1] 博士生个人培养计划应在入学后一个月内完成。如需修改个人培养计划，须经导师同意并报培养单位备案。

基于以上证据，简短回答：博士生个人培养计划应在入学后一个月内完成。如需修改个人培养计划，须经导师同意并报培养单位备案。
[3] [1 | doc1] 创新研究院博士研究生获得额外创新津贴的条件是通过创新研究院的考核。

基于以上证据，简短回答：创新研究院博士研究生获得额外创新津贴的条件是通过创新研究院的考核。

请根据以上内容简洁回答问题：请根据证据回答：博士生在预","[1 | doc1] 博士研究生的基本学习年限为3至5年。

基于以上证据，简短回答：博士研究生的基本学习年限为3至5年。|[1 | doc1] 博士生个人培养计划应在入学后一个月内完成。如需修改个人培养计划，须经导师同意并报培养单位备案。

基于以上证据，简短回答：博士生个人培养计划应在入学后一个月内完成。如需修改个人培养计划，须经导师同意并报培养单位备案。|[1 | doc1] 创新研究院博士研究生获得额外创新津贴的条件是通过创新研究院的考核。

基于以上证据，简短回答：创新研究院博士研究生获得额外创新津贴的条件是通过创新研究院的考核。",588.3963868618011
