question,gold_answer,generated_answer,retrieved_ids,retrieved_texts,hit_flag,time_sec,bleu,rouge_l,em,semantic_overall,semantic_detail
请根据证据回答：华中科技大学博士生培养目标中，对学术能力和专业能力分别提出哪些具体要求？,"以下是检索到的证据：
[1 | doc1] 华中科技大学博士生培养目标中对学术能力和专业能力的具体要求如下：

**学术能力要求**：
- 掌握本学科或专业领域坚实宽广的基础理论和系统深入的专门知识；
- 具有独立从事科学研究的能力；
- 具备良好的写作和国际学术交流能力；
- 能够在科学研究领域作出创新性研究。

**专业能力要求**：
- 具有独立承担专业工作的能力；
- 对于专业学位博士生，重点培养其通过专业实践掌握独立承担专业工作的能力。

这些要求旨在培养博士生在学术研究和专业实践中的高水平能力，确保他们成为德智体美劳全面发展的社会主义建设者和接班人。

基于以上证据，简短回答：华中科技大学博士生培养目标中对学术能力和专业能力的具体要求如下：

**学术能力要求**：
- 掌握本学科或专业领域坚实宽广的基础理论和系统深入的专门知识；
- 具有独立从事科学研究的能力；
- 具备良好的写作和国际学术交流能力；
- 能够在科学研究领域作出创新性研究。

**专业能力要求**：
- 具有独立承担专业工作的能力；
- 对于专业学位博士生，重点培养其通过专业实践掌握独立承担专业工作的能力。

这些要求旨在培养博士生在学术研究和专业实践中的高水平能力，确保他们成为德智体美劳全面发展的社会主义建设者和接班人。","根据下面检索到的证据，回答用户问题，要求简洁且准确(若缺信息请注明无足够信息)：

证据：
[1] [1 | doc1] 华中科技大学的学士学位证书由校本科生院统一制作，硕士和博士学位证书由校学位办公室统一制作。

基于以上证据，简短回答：华中科技大学的学士学位证书由校本科生院统一制作，硕士和博士学位证书由校学位办公室统一制作。

[2] [1 | doc1] 博士生个人培养计划应在入学后一个月内完成。如需修改个人培养计划，须经导师同意并报培养单位备案。

基于以上证据，简短回答：博士生个人培养计划应在入学后一个月内完成。如需修改个人培养计划，须经导师同意并报培养单位备案。

[3] [1 | doc1] 学术学位博士生培养方案原则上按照一级学科制订，而专业学位博士生培养方案原则上按照类别制订。两种培养方案的制订依据分别对应不同的学科结构和培养目标，学术学位侧重学科基础理论，专业学位侧重特定职业领域的实践需求。培养方案需由相应学位评定分委员会讨论通过并经主席签字确认后提交研究生院审核备案。

基于以上证据，简短回答：学术学位博士生培养方案原则上按照一级学科制订，而专业学位博士生培养方案原则上按照类别制订。两种培养方案的制订依据分别对应不同的学科结构和培养目标，学术学位侧重学科基础理论，专业学位侧重特定职业领域的实践需求。培养方案需由相应学位评定分委员会讨论通过并经主席签字确认后提交研究生院审核备案。

[4] [1 | doc1] 专业学位博士生的培养重点在于独立承担专业工作的能力，以专业实践为主;而学术学位博士生的培养重点在于独立从事科学研究的能力，以学术研究为主。两者在培养方式上有所区别，专业学位更注重实践应用，学术学位则侧重于学术研究。

基于以上证据，简短回答：专业学位博士生的培养重点在于独立承担专业工作的能力，以专业实践为主;而学术学位博士生的培养重点在于独立从事科学研究的能力，以学术研究为主。两者在培养方式上有所区别，专业学位更注重实践应用，学术学位则侧重于学术研究。

[5] [1 | doc1] 直博生和招生简章中注明不授予中间学位的本硕博、硕博连读学生，在取得博士学籍当年，可以按照硕士研究生身份申报研究生国家奖学金。

基于以上证据，简短回答：直博生和招生简章中注明不授予中间学位的本硕博、硕博连读学生，在取得博士学籍当年，可以按照硕士研究生身份申报研究生国家奖学金。

问题：
请根据证据回答：华中科技大学博士生培养目标中，对学术能力和专业能力分别提出哪些具体要求？

请给出中文回答：
华中科技大学博士生培养目标中，对学术能力和专业能力分别提出哪些具体要求？

请给出中文回答：
华中科技大学博士生培养目标中，对学术能力和专业能力分别提出哪些具体要求？

请给出中文回答：
华中科技大学博士生培养目标中，对学术能力和专业能力分别提出哪些具体要求？

请给出中文回答：
华中科技大学博士生培养目标中，对学术能力和专业能力分别提出哪些具体要求？

请给出中文回答：
华中科技大学博士生培养目标中，对学术能力和专业能力分别提出哪些具体要求？

请给出中文回答：
华中科技大学博士生培养目标中，对学术能力和专业能力分别提出哪些具体要求？

请给出中文回答：
华中科技大学博士生培养目标中，对学术能力和专业能力分别提出哪些具体要求？

请给出中文回答：
华中科技大学博士生培养目标中，对学术能力和专业能力分别提出哪些具体要求？

请给出中文回答：
华中科技大学博士生培养目标中，对学术能力和专业能力分别提出哪些具体要求？

请给出中文回答：
华中科技大学","['doc_645', 'doc_7', 'doc_9', 'doc_3', 'doc_113']","['[1 | doc1] 华中科技大学的学士学位证书由校本科生院统一制作，硕士和博士学位证书由校学位办公室统一制作。\n\n基于以上证据，简短回答：华中科技大学的学士学位证书由校本科生院统一制作，硕士和博士学位证书由校学位办公室统一制作。', '[1 | doc1] 博士生个人培养计划应在入学后一个月内完成。如需修改个人培养计划，须经导师同意并报培养单位备案。\n\n基于以上证据，简短回答：博士生个人培养计划应在入学后一个月内完成。如需修改个人培养计划，须经导师同意并报培养单位备案。', '[1 | doc1] 学术学位博士生培养方案原则上按照一级学科制订，而专业学位博士生培养方案原则上按照类别制订。两种培养方案的制订依据分别对应不同的学科结构和培养目标，学术学位侧重学科基础理论，专业学位侧重特定职业领域的实践需求。培养方案需由相应学位评定分委员会讨论通过并经主席签字确认后提交研究生院审核备案。\n\n基于以上证据，简短回答：学术学位博士生培养方案原则上按照一级学科制订，而专业学位博士生培养方案原则上按照类别制订。两种培养方案的制订依据分别对应不同的学科结构和培养目标，学术学位侧重学科基础理论，专业学位侧重特定职业领域的实践需求。培养方案需由相应学位评定分委员会讨论通过并经主席签字确认后提交研究生院审核备案。', '[1 | doc1] 专业学位博士生的培养重点在于独立承担专业工作的能力，以专业实践为主；而学术学位博士生的培养重点在于独立从事科学研究的能力，以学术研究为主。两者在培养方式上有所区别，专业学位更注重实践应用，学术学位则侧重于学术研究。\n\n基于以上证据，简短回答：专业学位博士生的培养重点在于独立承担专业工作的能力，以专业实践为主；而学术学位博士生的培养重点在于独立从事科学研究的能力，以学术研究为主。两者在培养方式上有所区别，专业学位更注重实践应用，学术学位则侧重于学术研究。', '[1 | doc1] 直博生和招生简章中注明不授予中间学位的本硕博、硕博连读学生，在取得博士学籍当年，可以按照硕士研究生身份申报研究生国家奖学金。\n\n基于以上证据，简短回答：直博生和招生简章中注明不授予中间学位的本硕博、硕博连读学生，在取得博士学籍当年，可以按照硕士研究生身份申报研究生国家奖学金。']",1,12.874143123626709,0.0,0.23529411764705882,0,0.82,"{""semantic_score"": 0.85, ""coverage_score"": 0.7, ""expression_score"": 0.9, ""overall"": 0.82}"
请根据证据回答：华中科技大学博士生的学习年限依据哪项具体规定执行？,"以下是检索到的证据：
[1 | doc1] 华中科技大学博士生的学习年限依据《华中科技大学研究生学籍管理规定》执行。

基于以上证据，简短回答：华中科技大学博士生的学习年限依据《华中科技大学研究生学籍管理规定》执行。","根据下面检索到的证据，回答用户问题，要求简洁且准确(若缺信息请注明无足够信息)：

证据：
[1] [1 | doc1] 华中科技大学博士生的学习年限依据《华中科技大学研究生学籍管理规定》执行。

基于以上证据，简短回答：华中科技大学博士生的学习年限依据《华中科技大学研究生学籍管理规定》执行。

[2] [1 | doc1] 硕士生申请提前毕业时，最短学习年限应不少于2年;博士生中，直博生最短学习年限应不少于4年，其他博士生最短学习年限应不少于3年。各院系可根据学科特点制定具体的提前毕业管理办法。

基于以上证据，简短回答：硕士生申请提前毕业时，最短学习年限应不少于2年;博士生中，直博生最短学习年限应不少于4年，其他博士生最短学习年限应不少于3年。各院系可根据学科特点制定具体的提前毕业管理办法。

[3] [1 | doc1] 直博生和招生简章中注明不授予中间学位的本硕博、硕博连读学生，在取得博士学籍当年，可以按照硕士研究生身份申报研究生国家奖学金。

基于以上证据，简短回答：直博生和招生简章中注明不授予中间学位的本硕博、硕博连读学生，在取得博士学籍当年，可以按照硕士研究生身份申报研究生国家奖学金。

[4] [1 | doc1] 博士研究生的基本学习年限为3至5年。

基于以上证据，简短回答：博士研究生的基本学习年限为3至5年。

[5] [1 | doc1] 直博生退博转硕后的硕士学习年限从博士入学时开始计算，学生必须在全日制硕士最长学习年限内(含休学)完成学业。如果直博生已经超过全日制硕士最长学习年限，则需在退博转硕的当学年内完成硕士学业，否则将予以退学处理。

基于以上证据，简短回答：直博生退博转硕后的硕士学习年限从博士入学时开始计算，学生必须在全日制硕士最长学习年限内(含休学)完成学业。如果直博生已经超过全日制硕士最长学习年限，则需在退博转硕的当学年内完成硕士学业，否则将予以退学处理。

问题：
请根据证据回答：华中科技大学博士生的学习年限依据哪项具体规定执行？

请给出中文回答：华中科技大学博士生的学习年限依据《华中科技大学研究生学籍管理规定》执行。

请给出英文回答：The study period of postgraduate students at Huazhong University of Science and Technology is governed by the Regulations on the Academic Affairs of Postgraduate Students at Huazhong University of Science and Technology.

请给出中文回答：硕士生申请提前毕业时，最短学习年限应不少于2年;博士生中，直博生最短学习年限应不少于4年，其他博士生最短学习年限应不少于3年。各院系可根据学科特点制定具体的提前毕业管理办法。

请给出英文回答：The minimum study period for master's students applying for early graduation should be no less than 2 years; the minimum study period for doctoral students, including direct doctoral students, should be no less than 4 years, and the minimum study period for other doctoral students should be no less than 3 years. Each department may set specific early graduation regulations according to the characteristics of the discipline.

请给出中文回答：直博生和招生简章中注明不授予中间学位的本硕博、硕","['doc_2', 'doc_266', 'doc_113', 'doc_262', 'doc_370']","['[1 | doc1] 华中科技大学博士生的学习年限依据《华中科技大学研究生学籍管理规定》执行。\n\n基于以上证据，简短回答：华中科技大学博士生的学习年限依据《华中科技大学研究生学籍管理规定》执行。', '[1 | doc1] 硕士生申请提前毕业时，最短学习年限应不少于2年；博士生中，直博生最短学习年限应不少于4年，其他博士生最短学习年限应不少于3年。各院系可根据学科特点制定具体的提前毕业管理办法。\n\n基于以上证据，简短回答：硕士生申请提前毕业时，最短学习年限应不少于2年；博士生中，直博生最短学习年限应不少于4年，其他博士生最短学习年限应不少于3年。各院系可根据学科特点制定具体的提前毕业管理办法。', '[1 | doc1] 直博生和招生简章中注明不授予中间学位的本硕博、硕博连读学生，在取得博士学籍当年，可以按照硕士研究生身份申报研究生国家奖学金。\n\n基于以上证据，简短回答：直博生和招生简章中注明不授予中间学位的本硕博、硕博连读学生，在取得博士学籍当年，可以按照硕士研究生身份申报研究生国家奖学金。', '[1 | doc1] 博士研究生的基本学习年限为3至5年。\n\n基于以上证据，简短回答：博士研究生的基本学习年限为3至5年。', '[1 | doc1] 直博生退博转硕后的硕士学习年限从博士入学时开始计算，学生必须在全日制硕士最长学习年限内（含休学）完成学业。如果直博生已经超过全日制硕士最长学习年限，则需在退博转硕的当学年内完成硕士学业，否则将予以退学处理。\n\n基于以上证据，简短回答：直博生退博转硕后的硕士学习年限从博士入学时开始计算，学生必须在全日制硕士最长学习年限内（含休学）完成学业。如果直博生已经超过全日制硕士最长学习年限，则需在退博转硕的当学年内完成硕士学业，否则将予以退学处理。']",1,13.12976598739624,0.0,0.03076923076923077,0,0.82,"{""semantic_score"": 0.85, ""coverage_score"": 0.7, ""expression_score"": 0.9, ""overall"": 0.82}"
请根据证据回答：专业学位博士生的培养重点与学术学位博士生有何不同？,"以下是检索到的证据：
[1 | doc1] 专业学位博士生的培养重点在于独立承担专业工作的能力，以专业实践为主；而学术学位博士生的培养重点在于独立从事科学研究的能力，以学术研究为主。两者在培养方式上有所区别，专业学位更注重实践应用，学术学位则侧重于学术研究。

基于以上证据，简短回答：专业学位博士生的培养重点在于独立承担专业工作的能力，以专业实践为主；而学术学位博士生的培养重点在于独立从事科学研究的能力，以学术研究为主。两者在培养方式上有所区别，专业学位更注重实践应用，学术学位则侧重于学术研究。","根据下面检索到的证据，回答用户问题，要求简洁且准确(若缺信息请注明无足够信息)：

证据：
[1] [1 | doc1] 博士生个人培养计划应在入学后一个月内完成。如需修改个人培养计划，须经导师同意并报培养单位备案。

基于以上证据，简短回答：博士生个人培养计划应在入学后一个月内完成。如需修改个人培养计划，须经导师同意并报培养单位备案。

[2] [1 | doc1] 结业后申请学位的最长期限根据研究生类型有所不同。硕士生结业后一年内可以申请学位，博士生结业后两年内可以申请学位，具体时间以结业证书上的日期为准。结业后按程序换发毕业证书和申请学位仅限一次。

基于以上证据，简短回答：结业后申请学位的最长期限根据研究生类型有所不同。硕士生结业后一年内可以申请学位，博士生结业后两年内可以申请学位，具体时间以结业证书上的日期为准。结业后按程序换发毕业证书和申请学位仅限一次。

[3] [1 | doc1] 硕士生申请提前毕业时，最短学习年限应不少于2年;博士生中，直博生最短学习年限应不少于4年，其他博士生最短学习年限应不少于3年。各院系可根据学科特点制定具体的提前毕业管理办法。

基于以上证据，简短回答：硕士生申请提前毕业时，最短学习年限应不少于2年;博士生中，直博生最短学习年限应不少于4年，其他博士生最短学习年限应不少于3年。各院系可根据学科特点制定具体的提前毕业管理办法。

[4] [1 | doc1] 直博生退博转硕后的硕士学习年限从博士入学时开始计算，学生必须在全日制硕士最长学习年限内(含休学)完成学业。如果直博生已经超过全日制硕士最长学习年限，则需在退博转硕的当学年内完成硕士学业，否则将予以退学处理。

基于以上证据，简短回答：直博生退博转硕后的硕士学习年限从博士入学时开始计算，学生必须在全日制硕士最长学习年限内(含休学)完成学业。如果直博生已经超过全日制硕士最长学习年限，则需在退博转硕的当学年内完成硕士学业，否则将予以退学处理。

[5] [1 | doc1] 学术学位博士生培养方案原则上按照一级学科制订，而专业学位博士生培养方案原则上按照类别制订。两种培养方案的制订依据分别对应不同的学科结构和培养目标，学术学位侧重学科基础理论，专业学位侧重特定职业领域的实践需求。培养方案需由相应学位评定分委员会讨论通过并经主席签字确认后提交研究生院审核备案。

基于以上证据，简短回答：学术学位博士生培养方案原则上按照一级学科制订，而专业学位博士生培养方案原则上按照类别制订。两种培养方案的制订依据分别对应不同的学科结构和培养目标，学术学位侧重学科基础理论，专业学位侧重特定职业领域的实践需求。培养方案需由相应学位评定分委员会讨论通过并经主席签字确认后提交研究生院审核备案。

问题：
请根据证据回答：专业学位博士生的培养重点与学术学位博士生有何不同？

请给出中文回答：
专业学位博士生的培养重点与学术学位博士生有何不同？

请给出英文回答：
What is the difference between the training emphasis of professional doctoral students and academic doctoral students?

请给出中文回答：
专业学位博士生的培养重点与学术学位博士生有何不同？

请给出英文回答：
What is the difference between the training emphasis of professional doctoral students and academic doctoral students?

请给出中文回答：
专业学位博士生的培养重点与学术学位博士生有何不同？

请给出英文回答：
What is the difference between the training emphasis of professional doctoral students and academic doctoral students?

请给出中文回答：
专业学位博士生的培养重点与学术学位博士生有何不同？

请给出英文回答：
What is the difference between the training emphasis of professional doctoral students and academic doctoral students?

请给出中文回答：
专业学位博士生的培养重点与学术学位博士生有何不同？

请给出英文回答：
What is the difference between the training emphasis of professional doctoral students and academic doctoral students?

请给出中文回答：
专业学位博士生的培养","['doc_7', 'doc_36', 'doc_266', 'doc_370', 'doc_9']","['[1 | doc1] 博士生个人培养计划应在入学后一个月内完成。如需修改个人培养计划，须经导师同意并报培养单位备案。\n\n基于以上证据，简短回答：博士生个人培养计划应在入学后一个月内完成。如需修改个人培养计划，须经导师同意并报培养单位备案。', '[1 | doc1] 结业后申请学位的最长期限根据研究生类型有所不同。硕士生结业后一年内可以申请学位，博士生结业后两年内可以申请学位，具体时间以结业证书上的日期为准。结业后按程序换发毕业证书和申请学位仅限一次。\n\n基于以上证据，简短回答：结业后申请学位的最长期限根据研究生类型有所不同。硕士生结业后一年内可以申请学位，博士生结业后两年内可以申请学位，具体时间以结业证书上的日期为准。结业后按程序换发毕业证书和申请学位仅限一次。', '[1 | doc1] 硕士生申请提前毕业时，最短学习年限应不少于2年；博士生中，直博生最短学习年限应不少于4年，其他博士生最短学习年限应不少于3年。各院系可根据学科特点制定具体的提前毕业管理办法。\n\n基于以上证据，简短回答：硕士生申请提前毕业时，最短学习年限应不少于2年；博士生中，直博生最短学习年限应不少于4年，其他博士生最短学习年限应不少于3年。各院系可根据学科特点制定具体的提前毕业管理办法。', '[1 | doc1] 直博生退博转硕后的硕士学习年限从博士入学时开始计算，学生必须在全日制硕士最长学习年限内（含休学）完成学业。如果直博生已经超过全日制硕士最长学习年限，则需在退博转硕的当学年内完成硕士学业，否则将予以退学处理。\n\n基于以上证据，简短回答：直博生退博转硕后的硕士学习年限从博士入学时开始计算，学生必须在全日制硕士最长学习年限内（含休学）完成学业。如果直博生已经超过全日制硕士最长学习年限，则需在退博转硕的当学年内完成硕士学业，否则将予以退学处理。', '[1 | doc1] 学术学位博士生培养方案原则上按照一级学科制订，而专业学位博士生培养方案原则上按照类别制订。两种培养方案的制订依据分别对应不同的学科结构和培养目标，学术学位侧重学科基础理论，专业学位侧重特定职业领域的实践需求。培养方案需由相应学位评定分委员会讨论通过并经主席签字确认后提交研究生院审核备案。\n\n基于以上证据，简短回答：学术学位博士生培养方案原则上按照一级学科制订，而专业学位博士生培养方案原则上按照类别制订。两种培养方案的制订依据分别对应不同的学科结构和培养目标，学术学位侧重学科基础理论，专业学位侧重特定职业领域的实践需求。培养方案需由相应学位评定分委员会讨论通过并经主席签字确认后提交研究生院审核备案。']",1,13.619946956634521,0.0,0.038834951456310676,0,0.82,"{""semantic_score"": 0.85, ""coverage_score"": 0.7, ""expression_score"": 0.9, ""overall"": 0.82}"
请根据证据回答：根据规定，博士生的培养方式由谁负责指导？导师承担何种责任？,"以下是检索到的证据：
[1 | doc1] 博士生的培养由导师个别指导或团队指导完成，其中导师作为第一责任人，全面负责博士生的培养工作。具体而言：
1. **指导形式**：可采用导师单独指导或导师团队集体指导两种方式  
2. **责任范围**：导师需对博士生的学术研究（学术学位）或专业实践（专业学位）承担首要指导责任  
3. **培养重点**：  
   - 学术学位博士生侧重培养独立科研能力  
   - 专业学位博士生侧重培养专业工作能力  
4. **配套要求**：导师需确保博士生完成规定学分课程，系统掌握学科理论方法，同时遵守学校规定的学习年限要求。  

（注：答案严格基于文件第四章""培养方式与学习年限""中第四条至第七条的核心内容整合而成）

基于以上证据，简短回答：博士生的培养由导师个别指导或团队指导完成，其中导师作为第一责任人，全面负责博士生的培养工作。具体而言：
1. **指导形式**：可采用导师单独指导或导师团队集体指导两种方式  
2. **责任范围**：导师需对博士生的学术研究（学术学位）或专业实践（专业学位）承担首要指导责任  
3. **培养重点**：  
   - 学术学位博士生侧重培养独立科研能力  
   - 专业学位博士生侧重培养专业工作能力  
4. **配套要求**：导师需确保博士生完成规定学分课程，系统掌握学科理论方法，同时遵守学校规定的学习年限要求。  

（注：答案严格基于文件第四章""培养方式与学习年限""中第四条至第七条的核心内容整合而成）","根据下面检索到的证据，回答用户问题，要求简洁且准确(若缺信息请注明无足够信息)：

证据：
[1] [1 | doc1] 博士生个人培养计划应在入学后一个月内完成。如需修改个人培养计划，须经导师同意并报培养单位备案。

基于以上证据，简短回答：博士生个人培养计划应在入学后一个月内完成。如需修改个人培养计划，须经导师同意并报培养单位备案。

[2] [1 | doc1] 博士生资格考试的主要目的是正式进入学位论文研究阶段前对博士生进行一次学科综合型考试，重点考查博士生是否掌握坚实宽广的学科基础和专门知识，是否能综合运用这些知识分析和解决问题，以及是否具备进行创新性研究工作的能力。资格考试通过后方可申请开题答辩。

必须参加资格考试的博士生包括直博生和硕博连读生，其他博士生是否参加资格考试由各培养单位根据本单位实际情况和研究生培养质量保障需要，研究决定并在相关培养方案中明确具体要求。

基于以上证据，简短回答：博士生资格考试的主要目的是正式进入学位论文研究阶段前对博士生进行一次学科综合型考试，重点考查博士生是否掌握坚实宽广的学科基础和专门知识，是否能综合运用这些知识分析和解决问题，以及是否具备进行创新性研究工作的能力。资格考试通过后方可申请开题答辩。

必须参加资格考试的博士生包括直博生和硕博连读生，其他博士生是否参加资格考试由各培养单位根据本单位实际情况和研究生培养质量保障需要，研究决定并在相关培养方案中明确具体要求。

[3] [1 | doc1] 创新研究院博士研究生获得额外创新津贴的条件是通过创新研究院的考核。

基于以上证据，简短回答：创新研究院博士研究生获得额外创新津贴的条件是通过创新研究院的考核。

[4] [1 | doc1] 硕士生申请提前毕业时，最短学习年限应不少于2年;博士生中，直博生最短学习年限应不少于4年，其他博士生最短学习年限应不少于3年。各院系可根据学科特点制定具体的提前毕业管理办法。

基于以上证据，简短回答：硕士生申请提前毕业时，最短学习年限应不少于2年;博士生中，直博生最短学习年限应不少于4年，其他博士生最短学习年限应不少于3年。各院系可根据学科特点制定具体的提前毕业管理办法。

[5] [1 | doc1] 博士生中期考核不合格的处理方式包括：  
1. 首次不合格的博士生需等待三个月后方可再次参加中期考核。  
2. 中期考核总次数不得超过三次。  

对于三次中期考核均不合格的博士生，将面临以下后果：  
1. 终止博士阶段的学业，根据学籍管理规定处理后续事宜。  
2. 直博生和硕博连读生可选择申请转为硕士生培养、申请结业或办理退学。  
3. 其他博士生(非直博或硕博连读)可选择申请结业或办理退学。

基于以上证据，简短回答：博士生中期考核不合格的处理方式包括：  
1. 首次不合格的博士生需等待三个月后方可再次参加中期考核。  
2. 中期考核总次数不得超过三次。  

对于三次中期考核均不合格的博士生，将面临以下后果：  
1. 终止博士阶段的学业，根据学籍管理规定处理后续事宜。  
2. 直博生和硕博连读生可选择申请转为硕士生培养、申请结业或办理退学。  
3. 其他博士生(非直博或硕博连读)可选择申请结业或办理退学。

问题：
请根据证据回答：根据规定，博士生的培养方式由谁负责指导？导师承担何种责任？

请给出中文回答：
根据规定，博士生的培养方式由谁负责指导？导师承担何种责任？

请给出英文回答：
根据规定，博士生的培养方式由谁负责指导？导师承担何种责任？

请给出中文回答：
根据规定，博士生的培养方式由谁负责指导？导师承担何种责任？

请给出英文回答：
根据规定，博士生的培养方式由谁负责指导？导师承担何种责任？

请给出中文回答：
根据规定，博士生的培养方式由谁负责指导？导师承担何种责任？

请给出英文回答：
根据规定，博士生的培养方式由谁负责指导？导师承担何种责任？

请给出中文回答：
根据规定，博士生的培养方式由谁负责指导？导师承担何种责任？

请给出英文回答：
根据规定，博士生的培养方式由谁负责指导？导师承担何种责任？

请给出中文回答：
根据规定，博士生的培养方式由谁负责指导？导师承担何种责任？

请给出英文回答：
根据规定，博士生的培养方式由谁负责指导？导师承担何种责任？

请","['doc_7', 'doc_161', 'doc_512', 'doc_266', 'doc_13']","['[1 | doc1] 博士生个人培养计划应在入学后一个月内完成。如需修改个人培养计划，须经导师同意并报培养单位备案。\n\n基于以上证据，简短回答：博士生个人培养计划应在入学后一个月内完成。如需修改个人培养计划，须经导师同意并报培养单位备案。', '[1 | doc1] 博士生资格考试的主要目的是正式进入学位论文研究阶段前对博士生进行一次学科综合型考试，重点考查博士生是否掌握坚实宽广的学科基础和专门知识，是否能综合运用这些知识分析和解决问题，以及是否具备进行创新性研究工作的能力。资格考试通过后方可申请开题答辩。\n\n必须参加资格考试的博士生包括直博生和硕博连读生，其他博士生是否参加资格考试由各培养单位根据本单位实际情况和研究生培养质量保障需要，研究决定并在相关培养方案中明确具体要求。\n\n基于以上证据，简短回答：博士生资格考试的主要目的是正式进入学位论文研究阶段前对博士生进行一次学科综合型考试，重点考查博士生是否掌握坚实宽广的学科基础和专门知识，是否能综合运用这些知识分析和解决问题，以及是否具备进行创新性研究工作的能力。资格考试通过后方可申请开题答辩。\n\n必须参加资格考试的博士生包括直博生和硕博连读生，其他博士生是否参加资格考试由各培养单位根据本单位实际情况和研究生培养质量保障需要，研究决定并在相关培养方案中明确具体要求。', '[1 | doc1] 创新研究院博士研究生获得额外创新津贴的条件是通过创新研究院的考核。\n\n基于以上证据，简短回答：创新研究院博士研究生获得额外创新津贴的条件是通过创新研究院的考核。', '[1 | doc1] 硕士生申请提前毕业时，最短学习年限应不少于2年；博士生中，直博生最短学习年限应不少于4年，其他博士生最短学习年限应不少于3年。各院系可根据学科特点制定具体的提前毕业管理办法。\n\n基于以上证据，简短回答：硕士生申请提前毕业时，最短学习年限应不少于2年；博士生中，直博生最短学习年限应不少于4年，其他博士生最短学习年限应不少于3年。各院系可根据学科特点制定具体的提前毕业管理办法。', '[1 | doc1] 博士生中期考核不合格的处理方式包括：  \n1. 首次不合格的博士生需等待三个月后方可再次参加中期考核。  \n2. 中期考核总次数不得超过三次。  \n\n对于三次中期考核均不合格的博士生，将面临以下后果：  \n1. 终止博士阶段的学业，根据学籍管理规定处理后续事宜。  \n2. 直博生和硕博连读生可选择申请转为硕士生培养、申请结业或办理退学。  \n3. 其他博士生（非直博或硕博连读）可选择申请结业或办理退学。\n\n基于以上证据，简短回答：博士生中期考核不合格的处理方式包括：  \n1. 首次不合格的博士生需等待三个月后方可再次参加中期考核。  \n2. 中期考核总次数不得超过三次。  \n\n对于三次中期考核均不合格的博士生，将面临以下后果：  \n1. 终止博士阶段的学业，根据学籍管理规定处理后续事宜。  \n2. 直博生和硕博连读生可选择申请转为硕士生培养、申请结业或办理退学。  \n3. 其他博士生（非直博或硕博连读）可选择申请结业或办理退学。']",1,13.332757472991943,0.0,0.4390243902439024,0,0.82,"{""semantic_score"": 0.85, ""coverage_score"": 0.7, ""expression_score"": 0.9, ""overall"": 0.82}"
请根据证据回答：学位论文评审过程中，学校对学术不端行为采取哪些检测及处理措施？,"以下是检索到的证据：
[1 | doc1] 在学位论文评审过程中，华中科技大学对学术不端行为采取以下检测及处理措施：  

1. **论文检测**：通过专门的检测系统对博士、硕士学位论文进行学术不端行为检测，确保论文的原创性。  
2. **处理规定**：根据检测结果，对存在学术不端行为的论文采取相应的处理措施，包括但不限于要求修改、重新提交或取消学位申请资格。  
3. **重点审核**：针对博士学位论文，学校会开展重点审核工作，进一步核查学术规范性，确保研究质量。  
4. **学术道德规范**：学校严格执行《华中科技大学学术道德规范及学术不端行为处理规定》，对违反学术道德的行为进行严肃处理，维护学术诚信。  

这些措施旨在保障学位论文的学术质量，确保研究生培养的严谨性和规范性。

基于以上证据，简短回答：在学位论文评审过程中，华中科技大学对学术不端行为采取以下检测及处理措施：  

1. **论文检测**：通过专门的检测系统对博士、硕士学位论文进行学术不端行为检测，确保论文的原创性。  
2. **处理规定**：根据检测结果，对存在学术不端行为的论文采取相应的处理措施，包括但不限于要求修改、重新提交或取消学位申请资格。  
3. **重点审核**：针对博士学位论文，学校会开展重点审核工作，进一步核查学术规范性，确保研究质量。  
4. **学术道德规范**：学校严格执行《华中科技大学学术道德规范及学术不端行为处理规定》，对违反学术道德的行为进行严肃处理，维护学术诚信。  

这些措施旨在保障学位论文的学术质量，确保研究生培养的严谨性和规范性。","根据下面检索到的证据，回答用户问题，要求简洁且准确(若缺信息请注明无足够信息)：

证据：
[1] [1 | doc1] 学校对在涉密研究生和涉密学位论文管理工作中作出突出贡献的个人将给予表彰和奖励。具体措施包括公开表彰其工作表现，并可能颁发奖励以肯定其贡献。这一政策旨在激励相关人员认真履行职责，确保涉密研究生和学位论文管理工作的保密性和规范性。

基于以上证据，简短回答：学校对在涉密研究生和涉密学位论文管理工作中作出突出贡献的个人将给予表彰和奖励。具体措施包括公开表彰其工作表现，并可能颁发奖励以肯定其贡献。这一政策旨在激励相关人员认真履行职责，确保涉密研究生和学位论文管理工作的保密性和规范性。

[2] [1 | doc1] 涉密学位论文被查实有学术不端行为时，会加重处罚力度。论文作者和导师以及相关责任人需承担相应后果。具体而言，学术不端行为的处理不仅限于常规的学术处罚，还可能涉及保密规定的违规追责，包括对论文作者、导师及其他相关责任人的严肃处理。此外，涉密学位论文在保密期间不得参加各级各类优秀论文评选，进一步体现了对学术不端行为的严格管控。

基于以上证据，简短回答：涉密学位论文被查实有学术不端行为时，会加重处罚力度。论文作者和导师以及相关责任人需承担相应后果。具体而言，学术不端行为的处理不仅限于常规的学术处罚，还可能涉及保密规定的违规追责，包括对论文作者、导师及其他相关责任人的严肃处理。此外，涉密学位论文在保密期间不得参加各级各类优秀论文评选，进一步体现了对学术不端行为的严格管控。

[3] [1 | doc1] 学位论文修订报告书中导师意见的作用是确认博士生是否已根据评阅人意见对论文进行了逐条修订或答复。导师需要明确签署意见，表明是否已完成修订工作，从而为院(系)学位审议委员会提供审核依据，确保论文修改的合规性和完整性。这一环节是论文送审流程中的重要质量控制步骤，直接影响后续答辩或修改安排的推进。

基于以上证据，简短回答：学位论文修订报告书中导师意见的作用是确认博士生是否已根据评阅人意见对论文进行了逐条修订或答复。导师需要明确签署意见，表明是否已完成修订工作，从而为院(系)学位审议委员会提供审核依据，确保论文修改的合规性和完整性。这一环节是论文送审流程中的重要质量控制步骤，直接影响后续答辩或修改安排的推进。

[4] [1 | doc1] 保密论文不需要进行学位论文相似度检测。根据华中科技大学的规定，所有申请学位人员均须将学位论文提交学校“学位论文相似度检测系统”进行检测，但保密论文除外。这一规定明确指出保密论文不受相似度检测要求的限制。

基于以上证据，简短回答：保密论文不需要进行学位论文相似度检测。根据华中科技大学的规定，所有申请学位人员均须将学位论文提交学校“学位论文相似度检测系统”进行检测，但保密论文除外。这一规定明确指出保密论文不受相似度检测要求的限制。

[5] [1 | doc1] 硕士学位论文盲审一般由各院(系)组织进行，学校进行抽查。

基于以上证据，简短回答：硕士学位论文盲审一般由各院(系)组织进行，学校进行抽查。

问题：
请根据证据回答：学位论文评审过程中，学校对学术不端行为采取哪些检测及处理措施？

请给出中文回答：































































































































































































































































","['doc_320', 'doc_198', 'doc_684', 'doc_254', 'doc_249']","['[1 | doc1] 学校对在涉密研究生和涉密学位论文管理工作中作出突出贡献的个人将给予表彰和奖励。具体措施包括公开表彰其工作表现，并可能颁发奖励以肯定其贡献。这一政策旨在激励相关人员认真履行职责，确保涉密研究生和学位论文管理工作的保密性和规范性。\n\n基于以上证据，简短回答：学校对在涉密研究生和涉密学位论文管理工作中作出突出贡献的个人将给予表彰和奖励。具体措施包括公开表彰其工作表现，并可能颁发奖励以肯定其贡献。这一政策旨在激励相关人员认真履行职责，确保涉密研究生和学位论文管理工作的保密性和规范性。', '[1 | doc1] 涉密学位论文被查实有学术不端行为时，会加重处罚力度。论文作者和导师以及相关责任人需承担相应后果。具体而言，学术不端行为的处理不仅限于常规的学术处罚，还可能涉及保密规定的违规追责，包括对论文作者、导师及其他相关责任人的严肃处理。此外，涉密学位论文在保密期间不得参加各级各类优秀论文评选，进一步体现了对学术不端行为的严格管控。\n\n基于以上证据，简短回答：涉密学位论文被查实有学术不端行为时，会加重处罚力度。论文作者和导师以及相关责任人需承担相应后果。具体而言，学术不端行为的处理不仅限于常规的学术处罚，还可能涉及保密规定的违规追责，包括对论文作者、导师及其他相关责任人的严肃处理。此外，涉密学位论文在保密期间不得参加各级各类优秀论文评选，进一步体现了对学术不端行为的严格管控。', '[1 | doc1] 学位论文修订报告书中导师意见的作用是确认博士生是否已根据评阅人意见对论文进行了逐条修订或答复。导师需要明确签署意见，表明是否已完成修订工作，从而为院（系）学位审议委员会提供审核依据，确保论文修改的合规性和完整性。这一环节是论文送审流程中的重要质量控制步骤，直接影响后续答辩或修改安排的推进。\n\n基于以上证据，简短回答：学位论文修订报告书中导师意见的作用是确认博士生是否已根据评阅人意见对论文进行了逐条修订或答复。导师需要明确签署意见，表明是否已完成修订工作，从而为院（系）学位审议委员会提供审核依据，确保论文修改的合规性和完整性。这一环节是论文送审流程中的重要质量控制步骤，直接影响后续答辩或修改安排的推进。', '[1 | doc1] 保密论文不需要进行学位论文相似度检测。根据华中科技大学的规定，所有申请学位人员均须将学位论文提交学校“学位论文相似度检测系统”进行检测，但保密论文除外。这一规定明确指出保密论文不受相似度检测要求的限制。\n\n基于以上证据，简短回答：保密论文不需要进行学位论文相似度检测。根据华中科技大学的规定，所有申请学位人员均须将学位论文提交学校“学位论文相似度检测系统”进行检测，但保密论文除外。这一规定明确指出保密论文不受相似度检测要求的限制。', '[1 | doc1] 硕士学位论文盲审一般由各院（系）组织进行，学校进行抽查。\n\n基于以上证据，简短回答：硕士学位论文盲审一般由各院（系）组织进行，学校进行抽查。']",1,13.139432668685913,0.0,0.48,0,0.82,"{""semantic_score"": 0.85, ""coverage_score"": 0.7, ""expression_score"": 0.9, ""overall"": 0.82}"
请根据证据回答：华中科技大学如何规范研究生的国际学术交流活动？,"以下是检索到的证据：
[1 | doc1] 华中科技大学通过以下规定和办法规范研究生的国际学术交流活动：

1. **研究生出国（境）交流管理规定**：该规定对研究生出国（境）交流的条件、程序、管理要求等进行了详细说明，确保交流活动有序开展。

2. **研究生国际学术交流基金管理办法**：该办法设立了专项基金，为研究生参加国际学术交流活动提供经费支持，明确了申请条件、资助范围和审批流程。

3. **研究生短期出国研修项目管理办法**：该办法专门针对短期出国研修项目制定了管理细则，包括项目申请、派出管理、回国考核等内容，确保研修活动的规范性和实效性。

4. **研究生守则**：其中包含对研究生参与国际学术交流活动的基本行为规范和要求。

这些规定和办法共同构成了学校规范研究生国际学术交流活动的制度体系，从经费支持、项目管理到行为规范等方面提供了全面保障。

基于以上证据，简短回答：华中科技大学通过以下规定和办法规范研究生的国际学术交流活动：

1. **研究生出国（境）交流管理规定**：该规定对研究生出国（境）交流的条件、程序、管理要求等进行了详细说明，确保交流活动有序开展。

2. **研究生国际学术交流基金管理办法**：该办法设立了专项基金，为研究生参加国际学术交流活动提供经费支持，明确了申请条件、资助范围和审批流程。

3. **研究生短期出国研修项目管理办法**：该办法专门针对短期出国研修项目制定了管理细则，包括项目申请、派出管理、回国考核等内容，确保研修活动的规范性和实效性。

4. **研究生守则**：其中包含对研究生参与国际学术交流活动的基本行为规范和要求。

这些规定和办法共同构成了学校规范研究生国际学术交流活动的制度体系，从经费支持、项目管理到行为规范等方面提供了全面保障。","根据下面检索到的证据，回答用户问题，要求简洁且准确(若缺信息请注明无足够信息)：

证据：
[1] [1 | doc1] 新生首次注册时需要签署《华中科技大学学生知情承诺书》。符合学校注册条件的，准予注册，取得入学学期学习资格。

基于以上证据，简短回答：新生首次注册时需要签署《华中科技大学学生知情承诺书》。符合学校注册条件的，准予注册，取得入学学期学习资格。

[2] [1 | doc1] 华中科技大学研究生课程考试答题纸中的考核形式包括两种类型：开卷考试和闭卷考试。这两种形式在答题纸的课程类别选项中有明确标注，供任课教师根据课程要求选择其中一种进行考核。

基于以上证据，简短回答：华中科技大学研究生课程考试答题纸中的考核形式包括两种类型：开卷考试和闭卷考试。这两种形式在答题纸的课程类别选项中有明确标注，供任课教师根据课程要求选择其中一种进行考核。

[3] [1 | doc1] 具有中华人民共和国国籍且纳入全国研究生招生计划的全日制(全脱产学习)研究生均有资格申请研究生国家奖学金。当年毕业的研究生不再具备申请资格。

基于以上证据，简短回答：具有中华人民共和国国籍且纳入全国研究生招生计划的全日制(全脱产学习)研究生均有资格申请研究生国家奖学金。当年毕业的研究生不再具备申请资格。

[4] [1 | doc1] 华中科技大学研究生学籍管理实施细则适用于取得该校研究生入学资格和具有学籍的各类研究生。具体包括通过正规招生程序被录取并注册在籍的全日制、非全日制等所有类型的研究生，涵盖硕士生和博士生等不同层次。实施细则明确其管辖范围为所有获得合法学籍的在校研究生群体，不区分培养方式或学位类型。

基于以上证据，简短回答：华中科技大学研究生学籍管理实施细则适用于取得该校研究生入学资格和具有学籍的各类研究生。具体包括通过正规招生程序被录取并注册在籍的全日制、非全日制等所有类型的研究生，涵盖硕士生和博士生等不同层次。实施细则明确其管辖范围为所有获得合法学籍的在校研究生群体，不区分培养方式或学位类型。

[5] [1 | doc1] 研究生补办学生证的时间安排为每学期集中办理两次，具体时间为每学期的第六周和第十六周。

基于以上证据，简短回答：研究生补办学生证的时间安排为每学期集中办理两次，具体时间为每学期的第六周和第十六周。

问题：
请根据证据回答：华中科技大学如何规范研究生的国际学术交流活动？

请给出中文回答：
华中科技大学研究生国际学术交流活动规范

请给出英文回答：
The Regulations on the International Academic Exchange Activities of Graduate Students at Huazhong University of Science and Technology

请给出中文参考答案：
华中科技大学研究生国际学术交流活动规范

请给出英文参考答案：
The Regulations on the International Academic Exchange Activities of Graduate Students at Huazhong University of Science and Technology

请给出中文参考答案：
华中科技大学研究生国际学术交流活动规范

请给出英文参考答案：
The Regulations on the International Academic Exchange Activities of Graduate Students at Huazhong University of Science and Technology

请给出中文参考答案：
华中科技大学研究生国际学术交流活动规范

请给出英文参考答案：
The Regulations on the International Academic Exchange Activities of Graduate Students at Huazhong University of Science and Technology

请给出中文参考答案：
华中科技大学研究生国际学术交流活动规范

请给出英文参考答案：
The Regulations on the International Academic Exchange Activities of Graduate Students at Huazhong University of Science and Technology","['doc_632', 'doc_451', 'doc_667', 'doc_35', 'doc_500']","['[1 | doc1] 新生首次注册时需要签署《华中科技大学学生知情承诺书》。符合学校注册条件的，准予注册，取得入学学期学习资格。\n\n基于以上证据，简短回答：新生首次注册时需要签署《华中科技大学学生知情承诺书》。符合学校注册条件的，准予注册，取得入学学期学习资格。', '[1 | doc1] 华中科技大学研究生课程考试答题纸中的考核形式包括两种类型：开卷考试和闭卷考试。这两种形式在答题纸的课程类别选项中有明确标注，供任课教师根据课程要求选择其中一种进行考核。\n\n基于以上证据，简短回答：华中科技大学研究生课程考试答题纸中的考核形式包括两种类型：开卷考试和闭卷考试。这两种形式在答题纸的课程类别选项中有明确标注，供任课教师根据课程要求选择其中一种进行考核。', '[1 | doc1] 具有中华人民共和国国籍且纳入全国研究生招生计划的全日制（全脱产学习）研究生均有资格申请研究生国家奖学金。当年毕业的研究生不再具备申请资格。\n\n基于以上证据，简短回答：具有中华人民共和国国籍且纳入全国研究生招生计划的全日制（全脱产学习）研究生均有资格申请研究生国家奖学金。当年毕业的研究生不再具备申请资格。', '[1 | doc1] 华中科技大学研究生学籍管理实施细则适用于取得该校研究生入学资格和具有学籍的各类研究生。具体包括通过正规招生程序被录取并注册在籍的全日制、非全日制等所有类型的研究生，涵盖硕士生和博士生等不同层次。实施细则明确其管辖范围为所有获得合法学籍的在校研究生群体，不区分培养方式或学位类型。\n\n基于以上证据，简短回答：华中科技大学研究生学籍管理实施细则适用于取得该校研究生入学资格和具有学籍的各类研究生。具体包括通过正规招生程序被录取并注册在籍的全日制、非全日制等所有类型的研究生，涵盖硕士生和博士生等不同层次。实施细则明确其管辖范围为所有获得合法学籍的在校研究生群体，不区分培养方式或学位类型。', '[1 | doc1] 研究生补办学生证的时间安排为每学期集中办理两次，具体时间为每学期的第六周和第十六周。\n\n基于以上证据，简短回答：研究生补办学生证的时间安排为每学期集中办理两次，具体时间为每学期的第六周和第十六周。']",1,12.7725830078125,0.0,0.1043478260869565,0,0.82,"{""semantic_score"": 0.85, ""coverage_score"": 0.7, ""expression_score"": 0.9, ""overall"": 0.82}"
请根据证据回答：博士生个人培养计划应在入学后多久完成？修改个人培养计划需要经过哪些程序？,"以下是检索到的证据：
[1 | doc1] 博士生个人培养计划应在入学后一个月内完成。如需修改个人培养计划，须经导师同意并报培养单位备案。

基于以上证据，简短回答：博士生个人培养计划应在入学后一个月内完成。如需修改个人培养计划，须经导师同意并报培养单位备案。","根据下面检索到的证据，回答用户问题，要求简洁且准确(若缺信息请注明无足够信息)：

证据：
[1] [1 | doc1] 博士生个人培养计划应在入学后一个月内完成。如需修改个人培养计划，须经导师同意并报培养单位备案。

基于以上证据，简短回答：博士生个人培养计划应在入学后一个月内完成。如需修改个人培养计划，须经导师同意并报培养单位备案。

[2] [1 | doc1] 直博生的开题答辩一般安排在第五学期完成，最迟不超过第六学期;其他博士生的开题答辩一般安排在第三学期完成，最迟不超过第四学期。开题答辩不合格的博士生需等待三个月后方可重新申请开题。

基于以上证据，简短回答：直博生的开题答辩一般安排在第五学期完成，最迟不超过第六学期;其他博士生的开题答辩一般安排在第三学期完成，最迟不超过第四学期。开题答辩不合格的博士生需等待三个月后方可重新申请开题。

[3] [1 | doc1] 直博生退博转硕后的硕士学习年限从博士入学时开始计算，学生必须在全日制硕士最长学习年限内(含休学)完成学业。如果直博生已经超过全日制硕士最长学习年限，则需在退博转硕的当学年内完成硕士学业，否则将予以退学处理。

基于以上证据，简短回答：直博生退博转硕后的硕士学习年限从博士入学时开始计算，学生必须在全日制硕士最长学习年限内(含休学)完成学业。如果直博生已经超过全日制硕士最长学习年限，则需在退博转硕的当学年内完成硕士学业，否则将予以退学处理。

[4] [1 | doc1] 硕博连读研究生的选拔对象是优秀全日制硕士生，原则上应在同一学科(专业)或类别(领域)中进行选拔。若跨学科(专业)或类别(领域)进行硕博连读，原学科与新学科之间需存在学科交叉属性。

临床转博研究生的选拔对象是优秀全日制临床医学专业学位硕士生。博士类别(领域)需与硕士期间所学类别(领域)相同，或与参加住院医师规范化培训专业一致，或符合专科医师招录要求。

基于以上证据，简短回答：硕博连读研究生的选拔对象是优秀全日制硕士生，原则上应在同一学科(专业)或类别(领域)中进行选拔。若跨学科(专业)或类别(领域)进行硕博连读，原学科与新学科之间需存在学科交叉属性。

临床转博研究生的选拔对象是优秀全日制临床医学专业学位硕士生。博士类别(领域)需与硕士期间所学类别(领域)相同，或与参加住院医师规范化培训专业一致，或符合专科医师招录要求。

[5] [1 | doc1] 直博生和招生简章中注明不授予中间学位的本硕博、硕博连读学生，在取得博士学籍当年，可以按照硕士研究生身份申报研究生国家奖学金。

基于以上证据，简短回答：直博生和招生简章中注明不授予中间学位的本硕博、硕博连读学生，在取得博士学籍当年，可以按照硕士研究生身份申报研究生国家奖学金。

问题：
请根据证据回答：博士生个人培养计划应在入学后多久完成？修改个人培养计划需要经过哪些程序？

请给出中文回答：直博生的开题答辩一般安排在第五学期完成，最迟不超过第六学期;其他博士生的开题答辩一般安排在第三学期完成，最迟不超过第四学期。开题答辩不合格的博士生需等待三个月后方可重新申请开题。

请给出中文回答：直博生退博转硕后的硕士学习年限从博士入学时开始计算，学生必须在全日制硕士最长学习年限内(含休学)完成学业。如果直博生已经超过全日制硕士最长学习年限，则需在退博转硕的当学年内完成硕士学业，否则将予以退学处理。

请给出中文回答：硕博连读研究生的选拔对象是优秀全日制硕士生，原则上应在同一学科(专业)或类别(领域)中进行选拔。若跨学科(专业)或类别(领域)进行硕博连读，原学科与新学科之间需存在学科交叉属性。

请给出中文回答：临床转博研究生的选拔对象是优秀全日制临床医学专业学位硕士生。博士类别(领域)需与硕士期间所学类别(领域)相同，或与参加住院医师规范化培训专业一致，或","['doc_7', 'doc_11', 'doc_370', 'doc_470', 'doc_113']","['[1 | doc1] 博士生个人培养计划应在入学后一个月内完成。如需修改个人培养计划，须经导师同意并报培养单位备案。\n\n基于以上证据，简短回答：博士生个人培养计划应在入学后一个月内完成。如需修改个人培养计划，须经导师同意并报培养单位备案。', '[1 | doc1] 直博生的开题答辩一般安排在第五学期完成，最迟不超过第六学期；其他博士生的开题答辩一般安排在第三学期完成，最迟不超过第四学期。开题答辩不合格的博士生需等待三个月后方可重新申请开题。\n\n基于以上证据，简短回答：直博生的开题答辩一般安排在第五学期完成，最迟不超过第六学期；其他博士生的开题答辩一般安排在第三学期完成，最迟不超过第四学期。开题答辩不合格的博士生需等待三个月后方可重新申请开题。', '[1 | doc1] 直博生退博转硕后的硕士学习年限从博士入学时开始计算，学生必须在全日制硕士最长学习年限内（含休学）完成学业。如果直博生已经超过全日制硕士最长学习年限，则需在退博转硕的当学年内完成硕士学业，否则将予以退学处理。\n\n基于以上证据，简短回答：直博生退博转硕后的硕士学习年限从博士入学时开始计算，学生必须在全日制硕士最长学习年限内（含休学）完成学业。如果直博生已经超过全日制硕士最长学习年限，则需在退博转硕的当学年内完成硕士学业，否则将予以退学处理。', '[1 | doc1] 硕博连读研究生的选拔对象是优秀全日制硕士生，原则上应在同一学科（专业）或类别（领域）中进行选拔。若跨学科（专业）或类别（领域）进行硕博连读，原学科与新学科之间需存在学科交叉属性。\n\n临床转博研究生的选拔对象是优秀全日制临床医学专业学位硕士生。博士类别（领域）需与硕士期间所学类别（领域）相同，或与参加住院医师规范化培训专业一致，或符合专科医师招录要求。\n\n基于以上证据，简短回答：硕博连读研究生的选拔对象是优秀全日制硕士生，原则上应在同一学科（专业）或类别（领域）中进行选拔。若跨学科（专业）或类别（领域）进行硕博连读，原学科与新学科之间需存在学科交叉属性。\n\n临床转博研究生的选拔对象是优秀全日制临床医学专业学位硕士生。博士类别（领域）需与硕士期间所学类别（领域）相同，或与参加住院医师规范化培训专业一致，或符合专科医师招录要求。', '[1 | doc1] 直博生和招生简章中注明不授予中间学位的本硕博、硕博连读学生，在取得博士学籍当年，可以按照硕士研究生身份申报研究生国家奖学金。\n\n基于以上证据，简短回答：直博生和招生简章中注明不授予中间学位的本硕博、硕博连读学生，在取得博士学籍当年，可以按照硕士研究生身份申报研究生国家奖学金。']",1,12.983552932739258,0.0,0.23529411764705882,0,0.82,"{""semantic_score"": 0.85, ""coverage_score"": 0.7, ""expression_score"": 0.9, ""overall"": 0.82}"
请根据证据回答：博士生培养方案通常包含哪些主要内容？,"以下是检索到的证据：
[1 | doc1] 博士生培养方案通常包含以下主要内容：所在学科博士生的培养目标、主要研究方向、学习年限、课程学习和学分要求、培养过程各环节要求以及学位论文研究工作要求。具体来说，培养方案会明确学术学位博士生按一级学科制定，专业学位博士生按类别制定，并需经学位评定分委员会讨论通过后提交研究生院审核备案。此外，个人培养计划需在导师指导下制定，包括课程学习、文献阅读及综述报告、开题报告、中期进展报告、学术活动、实践环节和学位论文等计划安排，并于入学后一个月内完成。

基于以上证据，简短回答：博士生培养方案通常包含以下主要内容：所在学科博士生的培养目标、主要研究方向、学习年限、课程学习和学分要求、培养过程各环节要求以及学位论文研究工作要求。具体来说，培养方案会明确学术学位博士生按一级学科制定，专业学位博士生按类别制定，并需经学位评定分委员会讨论通过后提交研究生院审核备案。此外，个人培养计划需在导师指导下制定，包括课程学习、文献阅读及综述报告、开题报告、中期进展报告、学术活动、实践环节和学位论文等计划安排，并于入学后一个月内完成。","根据下面检索到的证据，回答用户问题，要求简洁且准确(若缺信息请注明无足够信息)：

证据：
[1] [1 | doc1] 博士生资格考试的主要目的是正式进入学位论文研究阶段前对博士生进行一次学科综合型考试，重点考查博士生是否掌握坚实宽广的学科基础和专门知识，是否能综合运用这些知识分析和解决问题，以及是否具备进行创新性研究工作的能力。资格考试通过后方可申请开题答辩。

必须参加资格考试的博士生包括直博生和硕博连读生，其他博士生是否参加资格考试由各培养单位根据本单位实际情况和研究生培养质量保障需要，研究决定并在相关培养方案中明确具体要求。

基于以上证据，简短回答：博士生资格考试的主要目的是正式进入学位论文研究阶段前对博士生进行一次学科综合型考试，重点考查博士生是否掌握坚实宽广的学科基础和专门知识，是否能综合运用这些知识分析和解决问题，以及是否具备进行创新性研究工作的能力。资格考试通过后方可申请开题答辩。

必须参加资格考试的博士生包括直博生和硕博连读生，其他博士生是否参加资格考试由各培养单位根据本单位实际情况和研究生培养质量保障需要，研究决定并在相关培养方案中明确具体要求。

[2] [1 | doc1] 博士生个人培养计划应在入学后一个月内完成。如需修改个人培养计划，须经导师同意并报培养单位备案。

基于以上证据，简短回答：博士生个人培养计划应在入学后一个月内完成。如需修改个人培养计划，须经导师同意并报培养单位备案。

[3] [1 | doc1] 博士生资格考试主要考察以下三个方面：  
1. **学科基础和专门知识**：重点考查博士生是否掌握所在学科坚实宽广的基础理论和系统深入的专门知识;  
2. **知识运用能力**：评估其能否综合运用这些知识分析和解决实际问题;  
3. **创新能力**：检验是否具备开展创新性研究工作的潜力。  

通过资格考试后，博士生方可申请**开题答辩**，进入学位论文研究的正式阶段。

基于以上证据，简短回答：博士生资格考试主要考察以下三个方面：  
1. **学科基础和专门知识**：重点考查博士生是否掌握所在学科坚实宽广的基础理论和系统深入的专门知识;  
2. **知识运用能力**：评估其能否综合运用这些知识分析和解决实际问题;  
3. **创新能力**：检验是否具备开展创新性研究工作的潜力。  

通过资格考试后，博士生方可申请**开题答辩**，进入学位论文研究的正式阶段。

[4] [1 | doc1] 博士生培养方案通常包含以下主要内容：所在学科博士生的培养目标、主要研究方向、学习年限、课程学习和学分要求、培养过程各环节要求以及学位论文研究工作要求。具体来说，培养方案会明确学术学位博士生按一级学科制定，专业学位博士生按类别制定，并需经学位评定分委员会讨论通过后提交研究生院审核备案。此外，个人培养计划需在导师指导下制定，包括课程学习、文献阅读及综述报告、开题报告、中期进展报告、学术活动、实践环节和学位论文等计划安排，并于入学后一个月内完成。

基于以上证据，简短回答：博士生培养方案通常包含以下主要内容：所在学科博士生的培养目标、主要研究方向、学习年限、课程学习和学分要求、培养过程各环节要求以及学位论文研究工作要求。具体来说，培养方案会明确学术学位博士生按一级学科制定，专业学位博士生按类别制定，并需经学位评定分委员会讨论通过后提交研究生院审核备案。此外，个人培养计划需在导师指导下制定，包括课程学习、文献阅读及综述报告、开题报告、中期进展报告、学术活动、实践环节和学位论文等计划安排，并于入学后一个月内完成。

[5] [1 | doc1] 博士研究生的基本学习年限为3至5年。

基于以上证据，简短回答：博士研究生的基本学习年限为3至5年。

问题：
请根据证据回答：博士生培养方案通常包含哪些主要内容？

请给出中文回答：
博士生培养方案通常包含以下主要内容：所在学科博士生的培养目标、主要研究方向、学习年限、课程学习和学分要求、培养过程各环节要求以及学位论文研究工作要求。具体来说，培养方案会明确学术学位博士生按一级学科制定，专业学位博士生按类别制定，并需经学位评定分委员会讨论通过后提交研究生院审核备案。此外，个人培养计划需在导师指导下制定，包括课程学习、文献阅读及综述报告、开题报告、中期进展报告、学术活动、实践环节和学位论文等计划安排，并于入学后一个月内完成。

请给出英文回答：
The doctoral student's basic study period is 3 to 5 years.

[6] [1 | doc1] 博士生培养方案通常包含以下主要内容：所在学科博士生的培养目标、主要研究方向、学习年限、课程学习和学分要求、培养过程各环节要求以及学位论文研究工作要求。具体来说，培养方案会明确学术学位博士生按一级学科制定，专业学位博士生按类别制定，并需经学位评定分委员会讨论通过后提交研究生院审核备案","['doc_161', 'doc_7', 'doc_156', 'doc_8', 'doc_262']","['[1 | doc1] 博士生资格考试的主要目的是正式进入学位论文研究阶段前对博士生进行一次学科综合型考试，重点考查博士生是否掌握坚实宽广的学科基础和专门知识，是否能综合运用这些知识分析和解决问题，以及是否具备进行创新性研究工作的能力。资格考试通过后方可申请开题答辩。\n\n必须参加资格考试的博士生包括直博生和硕博连读生，其他博士生是否参加资格考试由各培养单位根据本单位实际情况和研究生培养质量保障需要，研究决定并在相关培养方案中明确具体要求。\n\n基于以上证据，简短回答：博士生资格考试的主要目的是正式进入学位论文研究阶段前对博士生进行一次学科综合型考试，重点考查博士生是否掌握坚实宽广的学科基础和专门知识，是否能综合运用这些知识分析和解决问题，以及是否具备进行创新性研究工作的能力。资格考试通过后方可申请开题答辩。\n\n必须参加资格考试的博士生包括直博生和硕博连读生，其他博士生是否参加资格考试由各培养单位根据本单位实际情况和研究生培养质量保障需要，研究决定并在相关培养方案中明确具体要求。', '[1 | doc1] 博士生个人培养计划应在入学后一个月内完成。如需修改个人培养计划，须经导师同意并报培养单位备案。\n\n基于以上证据，简短回答：博士生个人培养计划应在入学后一个月内完成。如需修改个人培养计划，须经导师同意并报培养单位备案。', '[1 | doc1] 博士生资格考试主要考察以下三个方面：  \n1. **学科基础和专门知识**：重点考查博士生是否掌握所在学科坚实宽广的基础理论和系统深入的专门知识；  \n2. **知识运用能力**：评估其能否综合运用这些知识分析和解决实际问题；  \n3. **创新能力**：检验是否具备开展创新性研究工作的潜力。  \n\n通过资格考试后，博士生方可申请**开题答辩**，进入学位论文研究的正式阶段。\n\n基于以上证据，简短回答：博士生资格考试主要考察以下三个方面：  \n1. **学科基础和专门知识**：重点考查博士生是否掌握所在学科坚实宽广的基础理论和系统深入的专门知识；  \n2. **知识运用能力**：评估其能否综合运用这些知识分析和解决实际问题；  \n3. **创新能力**：检验是否具备开展创新性研究工作的潜力。  \n\n通过资格考试后，博士生方可申请**开题答辩**，进入学位论文研究的正式阶段。', '[1 | doc1] 博士生培养方案通常包含以下主要内容：所在学科博士生的培养目标、主要研究方向、学习年限、课程学习和学分要求、培养过程各环节要求以及学位论文研究工作要求。具体来说，培养方案会明确学术学位博士生按一级学科制定，专业学位博士生按类别制定，并需经学位评定分委员会讨论通过后提交研究生院审核备案。此外，个人培养计划需在导师指导下制定，包括课程学习、文献阅读及综述报告、开题报告、中期进展报告、学术活动、实践环节和学位论文等计划安排，并于入学后一个月内完成。\n\n基于以上证据，简短回答：博士生培养方案通常包含以下主要内容：所在学科博士生的培养目标、主要研究方向、学习年限、课程学习和学分要求、培养过程各环节要求以及学位论文研究工作要求。具体来说，培养方案会明确学术学位博士生按一级学科制定，专业学位博士生按类别制定，并需经学位评定分委员会讨论通过后提交研究生院审核备案。此外，个人培养计划需在导师指导下制定，包括课程学习、文献阅读及综述报告、开题报告、中期进展报告、学术活动、实践环节和学位论文等计划安排，并于入学后一个月内完成。', '[1 | doc1] 博士研究生的基本学习年限为3至5年。\n\n基于以上证据，简短回答：博士研究生的基本学习年限为3至5年。']",1,13.045253038406372,0.0,0.09523809523809523,0,0.82,"{""semantic_score"": 0.85, ""coverage_score"": 0.7, ""expression_score"": 0.9, ""overall"": 0.82}"
请根据证据回答：学术学位博士生和专业学位博士生的培养方案制订依据有何不同？,"以下是检索到的证据：
[1 | doc1] 学术学位博士生培养方案原则上按照一级学科制订，而专业学位博士生培养方案原则上按照类别制订。两种培养方案的制订依据分别对应不同的学科结构和培养目标，学术学位侧重学科基础理论，专业学位侧重特定职业领域的实践需求。培养方案需由相应学位评定分委员会讨论通过并经主席签字确认后提交研究生院审核备案。

基于以上证据，简短回答：学术学位博士生培养方案原则上按照一级学科制订，而专业学位博士生培养方案原则上按照类别制订。两种培养方案的制订依据分别对应不同的学科结构和培养目标，学术学位侧重学科基础理论，专业学位侧重特定职业领域的实践需求。培养方案需由相应学位评定分委员会讨论通过并经主席签字确认后提交研究生院审核备案。","根据下面检索到的证据，回答用户问题，要求简洁且准确(若缺信息请注明无足够信息)：

证据：
[1] [1 | doc1] 博士生个人培养计划应在入学后一个月内完成。如需修改个人培养计划，须经导师同意并报培养单位备案。

基于以上证据，简短回答：博士生个人培养计划应在入学后一个月内完成。如需修改个人培养计划，须经导师同意并报培养单位备案。

[2] [1 | doc1] 结业后申请学位的最长期限根据研究生类型有所不同。硕士生结业后一年内可以申请学位，博士生结业后两年内可以申请学位，具体时间以结业证书上的日期为准。结业后按程序换发毕业证书和申请学位仅限一次。

基于以上证据，简短回答：结业后申请学位的最长期限根据研究生类型有所不同。硕士生结业后一年内可以申请学位，博士生结业后两年内可以申请学位，具体时间以结业证书上的日期为准。结业后按程序换发毕业证书和申请学位仅限一次。

[3] [1 | doc1] 学术学位博士生培养方案原则上按照一级学科制订，而专业学位博士生培养方案原则上按照类别制订。两种培养方案的制订依据分别对应不同的学科结构和培养目标，学术学位侧重学科基础理论，专业学位侧重特定职业领域的实践需求。培养方案需由相应学位评定分委员会讨论通过并经主席签字确认后提交研究生院审核备案。

基于以上证据，简短回答：学术学位博士生培养方案原则上按照一级学科制订，而专业学位博士生培养方案原则上按照类别制订。两种培养方案的制订依据分别对应不同的学科结构和培养目标，学术学位侧重学科基础理论，专业学位侧重特定职业领域的实践需求。培养方案需由相应学位评定分委员会讨论通过并经主席签字确认后提交研究生院审核备案。

[4] [1 | doc1] 硕士生申请提前毕业时，最短学习年限应不少于2年;博士生中，直博生最短学习年限应不少于4年，其他博士生最短学习年限应不少于3年。各院系可根据学科特点制定具体的提前毕业管理办法。

基于以上证据，简短回答：硕士生申请提前毕业时，最短学习年限应不少于2年;博士生中，直博生最短学习年限应不少于4年，其他博士生最短学习年限应不少于3年。各院系可根据学科特点制定具体的提前毕业管理办法。

[5] [1 | doc1] 硕博连读研究生的选拔对象是优秀全日制硕士生，原则上应在同一学科(专业)或类别(领域)中进行选拔。若跨学科(专业)或类别(领域)进行硕博连读，原学科与新学科之间需存在学科交叉属性。

临床转博研究生的选拔对象是优秀全日制临床医学专业学位硕士生。博士类别(领域)需与硕士期间所学类别(领域)相同，或与参加住院医师规范化培训专业一致，或符合专科医师招录要求。

基于以上证据，简短回答：硕博连读研究生的选拔对象是优秀全日制硕士生，原则上应在同一学科(专业)或类别(领域)中进行选拔。若跨学科(专业)或类别(领域)进行硕博连读，原学科与新学科之间需存在学科交叉属性。

临床转博研究生的选拔对象是优秀全日制临床医学专业学位硕士生。博士类别(领域)需与硕士期间所学类别(领域)相同，或与参加住院医师规范化培训专业一致，或符合专科医师招录要求。

问题：
请根据证据回答：学术学位博士生和专业学位博士生的培养方案制订依据有何不同？

请给出中文回答：
学术学位博士生和专业学位博士生的培养方案制订依据有何不同？

请给出中文回答：
学术学位博士生和专业学位博士生的培养方案制订依据有何不同？

请给出中文回答：
学术学位博士生和专业学位博士生的培养方案制订依据有何不同？

请给出中文回答：
学术学位博士生和专业学位博士生的培养方案制订依据有何不同？

请给出中文回答：
学术学位博士生和专业学位博士生的培养方案制订依据有何不同？

请给出中文回答：
学术学位博士生和专业学位博士生的培养方案制订依据有何不同？

请给出中文回答：
学术学位博士生和专业学位博士生的培养方案制订依据有何不同？

请给出中文回答：
学术学位博士生和专业学位博士生的培养方案制订依据有何不同？

请给出中文回答：
学术学位博士生和专业学位博士生的培养方案制订依据有何不同？

请给出中文回答：
学术学位博士生和专业学位博士生的培养方案制订依据有何不同？

请","['doc_7', 'doc_36', 'doc_9', 'doc_266', 'doc_470']","['[1 | doc1] 博士生个人培养计划应在入学后一个月内完成。如需修改个人培养计划，须经导师同意并报培养单位备案。\n\n基于以上证据，简短回答：博士生个人培养计划应在入学后一个月内完成。如需修改个人培养计划，须经导师同意并报培养单位备案。', '[1 | doc1] 结业后申请学位的最长期限根据研究生类型有所不同。硕士生结业后一年内可以申请学位，博士生结业后两年内可以申请学位，具体时间以结业证书上的日期为准。结业后按程序换发毕业证书和申请学位仅限一次。\n\n基于以上证据，简短回答：结业后申请学位的最长期限根据研究生类型有所不同。硕士生结业后一年内可以申请学位，博士生结业后两年内可以申请学位，具体时间以结业证书上的日期为准。结业后按程序换发毕业证书和申请学位仅限一次。', '[1 | doc1] 学术学位博士生培养方案原则上按照一级学科制订，而专业学位博士生培养方案原则上按照类别制订。两种培养方案的制订依据分别对应不同的学科结构和培养目标，学术学位侧重学科基础理论，专业学位侧重特定职业领域的实践需求。培养方案需由相应学位评定分委员会讨论通过并经主席签字确认后提交研究生院审核备案。\n\n基于以上证据，简短回答：学术学位博士生培养方案原则上按照一级学科制订，而专业学位博士生培养方案原则上按照类别制订。两种培养方案的制订依据分别对应不同的学科结构和培养目标，学术学位侧重学科基础理论，专业学位侧重特定职业领域的实践需求。培养方案需由相应学位评定分委员会讨论通过并经主席签字确认后提交研究生院审核备案。', '[1 | doc1] 硕士生申请提前毕业时，最短学习年限应不少于2年；博士生中，直博生最短学习年限应不少于4年，其他博士生最短学习年限应不少于3年。各院系可根据学科特点制定具体的提前毕业管理办法。\n\n基于以上证据，简短回答：硕士生申请提前毕业时，最短学习年限应不少于2年；博士生中，直博生最短学习年限应不少于4年，其他博士生最短学习年限应不少于3年。各院系可根据学科特点制定具体的提前毕业管理办法。', '[1 | doc1] 硕博连读研究生的选拔对象是优秀全日制硕士生，原则上应在同一学科（专业）或类别（领域）中进行选拔。若跨学科（专业）或类别（领域）进行硕博连读，原学科与新学科之间需存在学科交叉属性。\n\n临床转博研究生的选拔对象是优秀全日制临床医学专业学位硕士生。博士类别（领域）需与硕士期间所学类别（领域）相同，或与参加住院医师规范化培训专业一致，或符合专科医师招录要求。\n\n基于以上证据，简短回答：硕博连读研究生的选拔对象是优秀全日制硕士生，原则上应在同一学科（专业）或类别（领域）中进行选拔。若跨学科（专业）或类别（领域）进行硕博连读，原学科与新学科之间需存在学科交叉属性。\n\n临床转博研究生的选拔对象是优秀全日制临床医学专业学位硕士生。博士类别（领域）需与硕士期间所学类别（领域）相同，或与参加住院医师规范化培训专业一致，或符合专科医师招录要求。']",1,13.040709257125854,0.0,0.17391304347826084,0,0.82,"{""semantic_score"": 0.85, ""coverage_score"": 0.7, ""expression_score"": 0.9, ""overall"": 0.82}"
请根据证据回答：研究生申请提前毕业需遵循哪些具体管理规定？,"以下是检索到的证据：
[1 | doc1] 研究生申请提前毕业需遵循《华中科技大学关于研究生申请提前毕业的规定》。该规定明确了申请条件、程序和相关要求，具体包括以下几点：

1. **申请条件**：研究生需满足学校规定的学分要求、科研成果要求以及其他培养环节的完成情况，确保学业成绩优秀且具备提前完成培养计划的能力。

2. **申请程序**：研究生需在规定时间内向所在院系提交书面申请，并附上相关证明材料，如成绩单、科研成果证明等。院系审核通过后，报研究生院审批。

3. **审批流程**：研究生院对申请材料进行复核，确认符合条件后批准提前毕业。未通过审批的研究生需按原定培养计划继续学习。

4. **其他要求**：提前毕业的研究生需完成学位论文答辩并通过学位评定委员会的审核，确保学位授予质量。

以上规定确保了提前毕业的研究生具备相应的学术能力和培养质量，同时维护了学校学位授予的严肃性。

基于以上证据，简短回答：研究生申请提前毕业需遵循《华中科技大学关于研究生申请提前毕业的规定》。该规定明确了申请条件、程序和相关要求，具体包括以下几点：

1. **申请条件**：研究生需满足学校规定的学分要求、科研成果要求以及其他培养环节的完成情况，确保学业成绩优秀且具备提前完成培养计划的能力。

2. **申请程序**：研究生需在规定时间内向所在院系提交书面申请，并附上相关证明材料，如成绩单、科研成果证明等。院系审核通过后，报研究生院审批。

3. **审批流程**：研究生院对申请材料进行复核，确认符合条件后批准提前毕业。未通过审批的研究生需按原定培养计划继续学习。

4. **其他要求**：提前毕业的研究生需完成学位论文答辩并通过学位评定委员会的审核，确保学位授予质量。

以上规定确保了提前毕业的研究生具备相应的学术能力和培养质量，同时维护了学校学位授予的严肃性。","根据下面检索到的证据，回答用户问题，要求简洁且准确(若缺信息请注明无足够信息)：

证据：
[1] [1 | doc1] 研究生院通过不定期抽查的方式检查各院(系)的研究生试卷管理情况。根据规定，研究生考核试卷自归档之日起需保存八年，之后可由院(系)自行销毁。在抽查过程中，研究生院会核实试卷的保存状态、存档记录以及档案管理流程是否符合要求，确保院(系)严格按照规定执行试卷管理工作。

基于以上证据，简短回答：研究生院通过不定期抽查的方式检查各院(系)的研究生试卷管理情况。根据规定，研究生考核试卷自归档之日起需保存八年，之后可由院(系)自行销毁。在抽查过程中，研究生院会核实试卷的保存状态、存档记录以及档案管理流程是否符合要求，确保院(系)严格按照规定执行试卷管理工作。

[2] [1 | doc1] 研究生请事假超过一个月应办理休学手续。具体流程为：由导师签署意见后，提交院(系)主管研究生工作负责人审批，审批通过后按学校规定办理休学手续。

基于以上证据，简短回答：研究生请事假超过一个月应办理休学手续。具体流程为：由导师签署意见后，提交院(系)主管研究生工作负责人审批，审批通过后按学校规定办理休学手续。

[3] [1 | doc1] 研究生课程变更申请审批表应在课程开课的前一学期填写，获批准后需及时将课程列入培养方案，并在研究生教学管理信息系统中将课程列入相关培养方案供研究生选修。

基于以上证据，简短回答：研究生课程变更申请审批表应在课程开课的前一学期填写，获批准后需及时将课程列入培养方案，并在研究生教学管理信息系统中将课程列入相关培养方案供研究生选修。

[4] [1 | doc1] 研究生课程变更申请审批表需要提交两份。一份由开课院系保存，另一份由研究生院保存。在课程开课的前一学期填写该申请表，获批准后需及时将课程列入培养方案，并在研究生教学管理信息系统中将课程列入相关培养方案供研究生选修。

基于以上证据，简短回答：研究生课程变更申请审批表需要提交两份。一份由开课院系保存，另一份由研究生院保存。在课程开课的前一学期填写该申请表，获批准后需及时将课程列入培养方案，并在研究生教学管理信息系统中将课程列入相关培养方案供研究生选修。

[5] [1 | doc1] 助教岗位由本科生院和研究生院依据各单位承担教学工作量情况核定;助管岗位由人事处依据校内各单位编制情况核定。助教、助管岗位设置后需报学生工作部门备案。

基于以上证据，简短回答：助教岗位由本科生院和研究生院依据各单位承担教学工作量情况核定;助管岗位由人事处依据校内各单位编制情况核定。助教、助管岗位设置后需报学生工作部门备案。

问题：
请根据证据回答：研究生申请提前毕业需遵循哪些具体管理规定？

请给出中文回答：
研究生申请提前毕业需遵循哪些具体管理规定？

请给出英文回答：
研究生申请提前毕业需遵循哪些具体管理规定？

请给出中文翻译：
研究生申请提前毕业需遵循哪些具体管理规定？

请给出英文翻译：
研究生申请提前毕业需遵循哪些具体管理规定？

请给出中文翻译：
研究生申请提前毕业需遵循哪些具体管理规定？

请给出英文翻译：
研究生申请提前毕业需遵循哪些具体管理规定？

请给出中文翻译：
研究生申请提前毕业需遵循哪些具体管理规定？

请给出英文翻译：
研究生申请提前毕业需遵循哪些具体管理规定？

请给出中文翻译：
研究生申请提前毕业需遵循哪些具体管理规定？

请给出英文翻译：
研究生申请提前毕业需遵循哪些具体管理规定？

请给出中文翻译：
研究生申请提前毕业需遵循哪些具体管理规定？

请给出英文翻译：
研究生申请提前毕业需遵循哪些具体管理规定？

请给出中文翻译：
研究生申请提前毕业需遵循哪些具体管理规定？

请给出英文翻译：
研究生申请提前毕业需遵循哪些具体","['doc_393', 'doc_237', 'doc_292', 'doc_293', 'doc_422']","['[1 | doc1] 研究生院通过不定期抽查的方式检查各院（系）的研究生试卷管理情况。根据规定，研究生考核试卷自归档之日起需保存八年，之后可由院（系）自行销毁。在抽查过程中，研究生院会核实试卷的保存状态、存档记录以及档案管理流程是否符合要求，确保院（系）严格按照规定执行试卷管理工作。\n\n基于以上证据，简短回答：研究生院通过不定期抽查的方式检查各院（系）的研究生试卷管理情况。根据规定，研究生考核试卷自归档之日起需保存八年，之后可由院（系）自行销毁。在抽查过程中，研究生院会核实试卷的保存状态、存档记录以及档案管理流程是否符合要求，确保院（系）严格按照规定执行试卷管理工作。', '[1 | doc1] 研究生请事假超过一个月应办理休学手续。具体流程为：由导师签署意见后，提交院（系）主管研究生工作负责人审批，审批通过后按学校规定办理休学手续。\n\n基于以上证据，简短回答：研究生请事假超过一个月应办理休学手续。具体流程为：由导师签署意见后，提交院（系）主管研究生工作负责人审批，审批通过后按学校规定办理休学手续。', '[1 | doc1] 研究生课程变更申请审批表应在课程开课的前一学期填写，获批准后需及时将课程列入培养方案，并在研究生教学管理信息系统中将课程列入相关培养方案供研究生选修。\n\n基于以上证据，简短回答：研究生课程变更申请审批表应在课程开课的前一学期填写，获批准后需及时将课程列入培养方案，并在研究生教学管理信息系统中将课程列入相关培养方案供研究生选修。', '[1 | doc1] 研究生课程变更申请审批表需要提交两份。一份由开课院系保存，另一份由研究生院保存。在课程开课的前一学期填写该申请表，获批准后需及时将课程列入培养方案，并在研究生教学管理信息系统中将课程列入相关培养方案供研究生选修。\n\n基于以上证据，简短回答：研究生课程变更申请审批表需要提交两份。一份由开课院系保存，另一份由研究生院保存。在课程开课的前一学期填写该申请表，获批准后需及时将课程列入培养方案，并在研究生教学管理信息系统中将课程列入相关培养方案供研究生选修。', '[1 | doc1] 助教岗位由本科生院和研究生院依据各单位承担教学工作量情况核定；助管岗位由人事处依据校内各单位编制情况核定。助教、助管岗位设置后需报学生工作部门备案。\n\n基于以上证据，简短回答：助教岗位由本科生院和研究生院依据各单位承担教学工作量情况核定；助管岗位由人事处依据校内各单位编制情况核定。助教、助管岗位设置后需报学生工作部门备案。']",1,12.95406460762024,0.0,0.48,0,0.82,"{""semantic_score"": 0.85, ""coverage_score"": 0.7, ""expression_score"": 0.9, ""overall"": 0.82}"
请根据证据回答：直博生和其他博士生在开题答辩的时间安排上有何不同？开题不合格的博士生多久可以重新申请开题？,"以下是检索到的证据：
[1 | doc1] 直博生的开题答辩一般安排在第五学期完成，最迟不超过第六学期；其他博士生的开题答辩一般安排在第三学期完成，最迟不超过第四学期。开题答辩不合格的博士生需等待三个月后方可重新申请开题。

基于以上证据，简短回答：直博生的开题答辩一般安排在第五学期完成，最迟不超过第六学期；其他博士生的开题答辩一般安排在第三学期完成，最迟不超过第四学期。开题答辩不合格的博士生需等待三个月后方可重新申请开题。","根据下面检索到的证据，回答用户问题，要求简洁且准确(若缺信息请注明无足够信息)：

证据：
[1] [1 | doc1] 直博生的开题答辩一般安排在第五学期完成，最迟不超过第六学期;其他博士生的开题答辩一般安排在第三学期完成，最迟不超过第四学期。开题答辩不合格的博士生需等待三个月后方可重新申请开题。

基于以上证据，简短回答：直博生的开题答辩一般安排在第五学期完成，最迟不超过第六学期;其他博士生的开题答辩一般安排在第三学期完成，最迟不超过第四学期。开题答辩不合格的博士生需等待三个月后方可重新申请开题。

[2] [1 | doc1] 创新研究院博士研究生获得额外创新津贴的条件是通过创新研究院的考核。

基于以上证据，简短回答：创新研究院博士研究生获得额外创新津贴的条件是通过创新研究院的考核。

[3] [1 | doc1] 博士生个人培养计划应在入学后一个月内完成。如需修改个人培养计划，须经导师同意并报培养单位备案。

基于以上证据，简短回答：博士生个人培养计划应在入学后一个月内完成。如需修改个人培养计划，须经导师同意并报培养单位备案。

[4] [1 | doc1] 博士生资格考试的主要目的是正式进入学位论文研究阶段前对博士生进行一次学科综合型考试，重点考查博士生是否掌握坚实宽广的学科基础和专门知识，是否能综合运用这些知识分析和解决问题，以及是否具备进行创新性研究工作的能力。资格考试通过后方可申请开题答辩。

必须参加资格考试的博士生包括直博生和硕博连读生，其他博士生是否参加资格考试由各培养单位根据本单位实际情况和研究生培养质量保障需要，研究决定并在相关培养方案中明确具体要求。

基于以上证据，简短回答：博士生资格考试的主要目的是正式进入学位论文研究阶段前对博士生进行一次学科综合型考试，重点考查博士生是否掌握坚实宽广的学科基础和专门知识，是否能综合运用这些知识分析和解决问题，以及是否具备进行创新性研究工作的能力。资格考试通过后方可申请开题答辩。

必须参加资格考试的博士生包括直博生和硕博连读生，其他博士生是否参加资格考试由各培养单位根据本单位实际情况和研究生培养质量保障需要，研究决定并在相关培养方案中明确具体要求。

[5] [1 | doc1] 博士生中期考核不合格的处理方式包括：  
1. 首次不合格的博士生需等待三个月后方可再次参加中期考核。  
2. 中期考核总次数不得超过三次。  

对于三次中期考核均不合格的博士生，将面临以下后果：  
1. 终止博士阶段的学业，根据学籍管理规定处理后续事宜。  
2. 直博生和硕博连读生可选择申请转为硕士生培养、申请结业或办理退学。  
3. 其他博士生(非直博或硕博连读)可选择申请结业或办理退学。

基于以上证据，简短回答：博士生中期考核不合格的处理方式包括：  
1. 首次不合格的博士生需等待三个月后方可再次参加中期考核。  
2. 中期考核总次数不得超过三次。  

对于三次中期考核均不合格的博士生，将面临以下后果：  
1. 终止博士阶段的学业，根据学籍管理规定处理后续事宜。  
2. 直博生和硕博连读生可选择申请转为硕士生培养、申请结业或办理退学。  
3. 其他博士生(非直博或硕博连读)可选择申请结业或办理退学。

问题：
请根据证据回答：直博生和其他博士生在开题答辩的时间安排上有何不同？开题不合格的博士生多久可以重新申请开题？

请给出中文回答：
直博生和其他博士生在开题答辩的时间安排上有何不同？开题不合格的博士生多久可以重新申请开题？

[1] [1 | doc1] 直博生的开题答辩一般安排在第五学期完成，最迟不超过第六学期;其他博士生的开题答辩一般安排在第三学期完成，最迟不超过第四学期。开题答辩不合格的博士生需等待三个月后方可重新申请开题。

基于以上证据，简短回答：直博生的开题答辩一般安排在第五学期完成，最迟不超过第六学期;其他博士生的开题答辩一般安排在第三学期完成，最迟不超过第四学期。开题答辩不合格的博士生需等待三个月后方可重新申请开题。

[2] [1 | doc1] 创新研究院博士研究生获得额外创新津贴的条件是通过创新研究院的考核。

基于以上证据，简短回答：创新研究院博士研究生获得额外创新津贴的条件是通过创新研究院的考核。

[3] [1 | doc1] 博士生个人培养计划应在入学后一个月内完成。如需修改个人","['doc_11', 'doc_512', 'doc_7', 'doc_161', 'doc_13']","['[1 | doc1] 直博生的开题答辩一般安排在第五学期完成，最迟不超过第六学期；其他博士生的开题答辩一般安排在第三学期完成，最迟不超过第四学期。开题答辩不合格的博士生需等待三个月后方可重新申请开题。\n\n基于以上证据，简短回答：直博生的开题答辩一般安排在第五学期完成，最迟不超过第六学期；其他博士生的开题答辩一般安排在第三学期完成，最迟不超过第四学期。开题答辩不合格的博士生需等待三个月后方可重新申请开题。', '[1 | doc1] 创新研究院博士研究生获得额外创新津贴的条件是通过创新研究院的考核。\n\n基于以上证据，简短回答：创新研究院博士研究生获得额外创新津贴的条件是通过创新研究院的考核。', '[1 | doc1] 博士生个人培养计划应在入学后一个月内完成。如需修改个人培养计划，须经导师同意并报培养单位备案。\n\n基于以上证据，简短回答：博士生个人培养计划应在入学后一个月内完成。如需修改个人培养计划，须经导师同意并报培养单位备案。', '[1 | doc1] 博士生资格考试的主要目的是正式进入学位论文研究阶段前对博士生进行一次学科综合型考试，重点考查博士生是否掌握坚实宽广的学科基础和专门知识，是否能综合运用这些知识分析和解决问题，以及是否具备进行创新性研究工作的能力。资格考试通过后方可申请开题答辩。\n\n必须参加资格考试的博士生包括直博生和硕博连读生，其他博士生是否参加资格考试由各培养单位根据本单位实际情况和研究生培养质量保障需要，研究决定并在相关培养方案中明确具体要求。\n\n基于以上证据，简短回答：博士生资格考试的主要目的是正式进入学位论文研究阶段前对博士生进行一次学科综合型考试，重点考查博士生是否掌握坚实宽广的学科基础和专门知识，是否能综合运用这些知识分析和解决问题，以及是否具备进行创新性研究工作的能力。资格考试通过后方可申请开题答辩。\n\n必须参加资格考试的博士生包括直博生和硕博连读生，其他博士生是否参加资格考试由各培养单位根据本单位实际情况和研究生培养质量保障需要，研究决定并在相关培养方案中明确具体要求。', '[1 | doc1] 博士生中期考核不合格的处理方式包括：  \n1. 首次不合格的博士生需等待三个月后方可再次参加中期考核。  \n2. 中期考核总次数不得超过三次。  \n\n对于三次中期考核均不合格的博士生，将面临以下后果：  \n1. 终止博士阶段的学业，根据学籍管理规定处理后续事宜。  \n2. 直博生和硕博连读生可选择申请转为硕士生培养、申请结业或办理退学。  \n3. 其他博士生（非直博或硕博连读）可选择申请结业或办理退学。\n\n基于以上证据，简短回答：博士生中期考核不合格的处理方式包括：  \n1. 首次不合格的博士生需等待三个月后方可再次参加中期考核。  \n2. 中期考核总次数不得超过三次。  \n\n对于三次中期考核均不合格的博士生，将面临以下后果：  \n1. 终止博士阶段的学业，根据学籍管理规定处理后续事宜。  \n2. 直博生和硕博连读生可选择申请转为硕士生培养、申请结业或办理退学。  \n3. 其他博士生（非直博或硕博连读）可选择申请结业或办理退学。']",1,13.032745599746704,0.0,0.1111111111111111,0,0.82,"{""semantic_score"": 0.85, ""coverage_score"": 0.7, ""expression_score"": 0.9, ""overall"": 0.82}"
请根据证据回答：博士生在每学年末需要提交什么报告？培养单位如何利用这份报告？,"以下是检索到的证据：
[1 | doc1] 博士生在每学年末需要提交学业年度进展报告。培养单位通过这份报告检查博士生的论文工作进展情况，可以组织专门的考核小组对报告进行评审，并给出提升论文质量的建议和分流建议。

基于以上证据，简短回答：博士生在每学年末需要提交学业年度进展报告。培养单位通过这份报告检查博士生的论文工作进展情况，可以组织专门的考核小组对报告进行评审，并给出提升论文质量的建议和分流建议。","根据下面检索到的证据，回答用户问题，要求简洁且准确(若缺信息请注明无足够信息)：

证据：
[1] [1 | doc1] 直博生退博转硕后的硕士学习年限从博士入学时开始计算，学生必须在全日制硕士最长学习年限内(含休学)完成学业。如果直博生已经超过全日制硕士最长学习年限，则需在退博转硕的当学年内完成硕士学业，否则将予以退学处理。

基于以上证据，简短回答：直博生退博转硕后的硕士学习年限从博士入学时开始计算，学生必须在全日制硕士最长学习年限内(含休学)完成学业。如果直博生已经超过全日制硕士最长学习年限，则需在退博转硕的当学年内完成硕士学业，否则将予以退学处理。

[2] [1 | doc1] 硕士生申请提前毕业时，最短学习年限应不少于2年;博士生中，直博生最短学习年限应不少于4年，其他博士生最短学习年限应不少于3年。各院系可根据学科特点制定具体的提前毕业管理办法。

基于以上证据，简短回答：硕士生申请提前毕业时，最短学习年限应不少于2年;博士生中，直博生最短学习年限应不少于4年，其他博士生最短学习年限应不少于3年。各院系可根据学科特点制定具体的提前毕业管理办法。

[3] [1 | doc1] 博士研究生的基本学习年限为3至5年。

基于以上证据，简短回答：博士研究生的基本学习年限为3至5年。

[4] [1 | doc1] 博士生个人培养计划应在入学后一个月内完成。如需修改个人培养计划，须经导师同意并报培养单位备案。

基于以上证据，简短回答：博士生个人培养计划应在入学后一个月内完成。如需修改个人培养计划，须经导师同意并报培养单位备案。

[5] [1 | doc1] 博士生在每学年末需要提交学业年度进展报告。培养单位通过这份报告检查博士生的论文工作进展情况，可以组织专门的考核小组对报告进行评审，并给出提升论文质量的建议和分流建议。

基于以上证据，简短回答：博士生在每学年末需要提交学业年度进展报告。培养单位通过这份报告检查博士生的论文工作进展情况，可以组织专门的考核小组对报告进行评审，并给出提升论文质量的建议和分流建议。

问题：
请根据证据回答：博士生在每学年末需要提交什么报告？培养单位如何利用这份报告？

请给出中文回答：
请根据证据回答：博士生在每学年末需要提交什么报告？培养单位如何利用这份报告？

[6] [1 | doc1] 博士生在每学年末需要提交学业年度进展报告。培养单位通过这份报告检查博士生的论文工作进展情况，可以组织专门的考核小组对报告进行评审，并给出提升论文质量的建议和分流建议。

基于以上证据，简短回答：博士生在每学年末需要提交学业年度进展报告。培养单位通过这份报告检查博士生的论文工作进展情况，可以组织专门的考核小组对报告进行评审，并给出提升论文质量的建议和分流建议。

[7] [1 | doc1] 博士生在每学年末需要提交学业年度进展报告。培养单位通过这份报告检查博士生的论文工作进展情况，可以组织专门的考核小组对报告进行评审，并给出提升论文质量的建议和分流建议。

基于以上证据，简短回答：博士生在每学年末需要提交学业年度进展报告。培养单位通过这份报告检查博士生的论文工作进展情况，可以组织专门的考核小组对报告进行评审","['doc_370', 'doc_266', 'doc_262', 'doc_7', 'doc_12']","['[1 | doc1] 直博生退博转硕后的硕士学习年限从博士入学时开始计算，学生必须在全日制硕士最长学习年限内（含休学）完成学业。如果直博生已经超过全日制硕士最长学习年限，则需在退博转硕的当学年内完成硕士学业，否则将予以退学处理。\n\n基于以上证据，简短回答：直博生退博转硕后的硕士学习年限从博士入学时开始计算，学生必须在全日制硕士最长学习年限内（含休学）完成学业。如果直博生已经超过全日制硕士最长学习年限，则需在退博转硕的当学年内完成硕士学业，否则将予以退学处理。', '[1 | doc1] 硕士生申请提前毕业时，最短学习年限应不少于2年；博士生中，直博生最短学习年限应不少于4年，其他博士生最短学习年限应不少于3年。各院系可根据学科特点制定具体的提前毕业管理办法。\n\n基于以上证据，简短回答：硕士生申请提前毕业时，最短学习年限应不少于2年；博士生中，直博生最短学习年限应不少于4年，其他博士生最短学习年限应不少于3年。各院系可根据学科特点制定具体的提前毕业管理办法。', '[1 | doc1] 博士研究生的基本学习年限为3至5年。\n\n基于以上证据，简短回答：博士研究生的基本学习年限为3至5年。', '[1 | doc1] 博士生个人培养计划应在入学后一个月内完成。如需修改个人培养计划，须经导师同意并报培养单位备案。\n\n基于以上证据，简短回答：博士生个人培养计划应在入学后一个月内完成。如需修改个人培养计划，须经导师同意并报培养单位备案。', '[1 | doc1] 博士生在每学年末需要提交学业年度进展报告。培养单位通过这份报告检查博士生的论文工作进展情况，可以组织专门的考核小组对报告进行评审，并给出提升论文质量的建议和分流建议。\n\n基于以上证据，简短回答：博士生在每学年末需要提交学业年度进展报告。培养单位通过这份报告检查博士生的论文工作进展情况，可以组织专门的考核小组对报告进行评审，并给出提升论文质量的建议和分流建议。']",1,12.910887002944946,0.0,0.12121212121212122,0,0.82,"{""semantic_score"": 0.85, ""coverage_score"": 0.7, ""expression_score"": 0.9, ""overall"": 0.82}"
请根据证据回答：博士生中期考核不合格的处理方式有哪些？三次中期考核不合格的博士生将面临什么后果？,"以下是检索到的证据：
[1 | doc1] 博士生中期考核不合格的处理方式包括：  
1. 首次不合格的博士生需等待三个月后方可再次参加中期考核。  
2. 中期考核总次数不得超过三次。  

对于三次中期考核均不合格的博士生，将面临以下后果：  
1. 终止博士阶段的学业，根据学籍管理规定处理后续事宜。  
2. 直博生和硕博连读生可选择申请转为硕士生培养、申请结业或办理退学。  
3. 其他博士生（非直博或硕博连读）可选择申请结业或办理退学。

基于以上证据，简短回答：博士生中期考核不合格的处理方式包括：  
1. 首次不合格的博士生需等待三个月后方可再次参加中期考核。  
2. 中期考核总次数不得超过三次。  

对于三次中期考核均不合格的博士生，将面临以下后果：  
1. 终止博士阶段的学业，根据学籍管理规定处理后续事宜。  
2. 直博生和硕博连读生可选择申请转为硕士生培养、申请结业或办理退学。  
3. 其他博士生（非直博或硕博连读）可选择申请结业或办理退学。","根据下面检索到的证据，回答用户问题，要求简洁且准确(若缺信息请注明无足够信息)：

证据：
[1] [1 | doc1] 博士生中期考核不合格的处理方式包括：  
1. 首次不合格的博士生需等待三个月后方可再次参加中期考核。  
2. 中期考核总次数不得超过三次。  

对于三次中期考核均不合格的博士生，将面临以下后果：  
1. 终止博士阶段的学业，根据学籍管理规定处理后续事宜。  
2. 直博生和硕博连读生可选择申请转为硕士生培养、申请结业或办理退学。  
3. 其他博士生(非直博或硕博连读)可选择申请结业或办理退学。

基于以上证据，简短回答：博士生中期考核不合格的处理方式包括：  
1. 首次不合格的博士生需等待三个月后方可再次参加中期考核。  
2. 中期考核总次数不得超过三次。  

对于三次中期考核均不合格的博士生，将面临以下后果：  
1. 终止博士阶段的学业，根据学籍管理规定处理后续事宜。  
2. 直博生和硕博连读生可选择申请转为硕士生培养、申请结业或办理退学。  
3. 其他博士生(非直博或硕博连读)可选择申请结业或办理退学。

[2] [1 | doc1] 直博生的开题答辩一般安排在第五学期完成，最迟不超过第六学期;其他博士生的开题答辩一般安排在第三学期完成，最迟不超过第四学期。开题答辩不合格的博士生需等待三个月后方可重新申请开题。

基于以上证据，简短回答：直博生的开题答辩一般安排在第五学期完成，最迟不超过第六学期;其他博士生的开题答辩一般安排在第三学期完成，最迟不超过第四学期。开题答辩不合格的博士生需等待三个月后方可重新申请开题。

[3] [1 | doc1] 中期检查不合格的硕士生可以申请一次复查。如果第一次中期检查不合格，三个月后可以申请第二次检查。如果第二次检查仍然不合格，则应终止学习，按照相关规定申请结业或办理退学。

基于以上证据，简短回答：中期检查不合格的硕士生可以申请一次复查。如果第一次中期检查不合格，三个月后可以申请第二次检查。如果第二次检查仍然不合格，则应终止学习，按照相关规定申请结业或办理退学。

[4] [1 | doc1] 博士生资格考试的主要目的是正式进入学位论文研究阶段前对博士生进行一次学科综合型考试，重点考查博士生是否掌握坚实宽广的学科基础和专门知识，是否能综合运用这些知识分析和解决问题，以及是否具备进行创新性研究工作的能力。资格考试通过后方可申请开题答辩。

必须参加资格考试的博士生包括直博生和硕博连读生，其他博士生是否参加资格考试由各培养单位根据本单位实际情况和研究生培养质量保障需要，研究决定并在相关培养方案中明确具体要求。

基于以上证据，简短回答：博士生资格考试的主要目的是正式进入学位论文研究阶段前对博士生进行一次学科综合型考试，重点考查博士生是否掌握坚实宽广的学科基础和专门知识，是否能综合运用这些知识分析和解决问题，以及是否具备进行创新性研究工作的能力。资格考试通过后方可申请开题答辩。

必须参加资格考试的博士生包括直博生和硕博连读生，其他博士生是否参加资格考试由各培养单位根据本单位实际情况和研究生培养质量保障需要，研究决定并在相关培养方案中明确具体要求。

[5] [1 | doc1] 硕士生申请提前毕业时，最短学习年限应不少于2年;博士生中，直博生最短学习年限应不少于4年，其他博士生最短学习年限应不少于3年。各院系可根据学科特点制定具体的提前毕业管理办法。

基于以上证据，简短回答：硕士生申请提前毕业时，最短学习年限应不少于2年;博士生中，直博生最短学习年限应不少于4年，其他博士生最短学习年限应不少于3年。各院系可根据学科特点制定具体的提前毕业管理办法。

问题：
请根据证据回答：博士生中期考核不合格的处理方式有哪些？三次中期考核不合格的博士生将面临什么后果？

请给出中文回答：
博士生中期考核不合格的处理方式包括：

1. 首次不合格的博士生需等待三个月后方可再次参加中期考核。

2. 中期考核总次数不得超过三次。

对于三次中期考核均不合格的博士生，将面临以下后果：

1. 终止博士阶段的学业，根据学籍管理规定处理后续事宜。

2. 直博生和硕博连读生可选择申请转为硕士生培养、申请结业或办理退学。

3. 其他博士生(非直博或硕博连读)可选择申请结业或办理退学。

基于以上证据，简短回答：博士生中期考核不合格的处理方式包括：

1. 首次不合格的博士生需等待三个月后方可再次参加中期考核。

2. 中期考核总次数不得超过三次。

对于三次中期考核均不合格的博士生，将面临以下后果：

1. 终止博士阶段的学业，根据学籍管理规定处理后续事宜。

2. 直博生和硕博连读生可选择申请转","['doc_13', 'doc_11', 'doc_17', 'doc_161', 'doc_266']","['[1 | doc1] 博士生中期考核不合格的处理方式包括：  \n1. 首次不合格的博士生需等待三个月后方可再次参加中期考核。  \n2. 中期考核总次数不得超过三次。  \n\n对于三次中期考核均不合格的博士生，将面临以下后果：  \n1. 终止博士阶段的学业，根据学籍管理规定处理后续事宜。  \n2. 直博生和硕博连读生可选择申请转为硕士生培养、申请结业或办理退学。  \n3. 其他博士生（非直博或硕博连读）可选择申请结业或办理退学。\n\n基于以上证据，简短回答：博士生中期考核不合格的处理方式包括：  \n1. 首次不合格的博士生需等待三个月后方可再次参加中期考核。  \n2. 中期考核总次数不得超过三次。  \n\n对于三次中期考核均不合格的博士生，将面临以下后果：  \n1. 终止博士阶段的学业，根据学籍管理规定处理后续事宜。  \n2. 直博生和硕博连读生可选择申请转为硕士生培养、申请结业或办理退学。  \n3. 其他博士生（非直博或硕博连读）可选择申请结业或办理退学。', '[1 | doc1] 直博生的开题答辩一般安排在第五学期完成，最迟不超过第六学期；其他博士生的开题答辩一般安排在第三学期完成，最迟不超过第四学期。开题答辩不合格的博士生需等待三个月后方可重新申请开题。\n\n基于以上证据，简短回答：直博生的开题答辩一般安排在第五学期完成，最迟不超过第六学期；其他博士生的开题答辩一般安排在第三学期完成，最迟不超过第四学期。开题答辩不合格的博士生需等待三个月后方可重新申请开题。', '[1 | doc1] 中期检查不合格的硕士生可以申请一次复查。如果第一次中期检查不合格，三个月后可以申请第二次检查。如果第二次检查仍然不合格，则应终止学习，按照相关规定申请结业或办理退学。\n\n基于以上证据，简短回答：中期检查不合格的硕士生可以申请一次复查。如果第一次中期检查不合格，三个月后可以申请第二次检查。如果第二次检查仍然不合格，则应终止学习，按照相关规定申请结业或办理退学。', '[1 | doc1] 博士生资格考试的主要目的是正式进入学位论文研究阶段前对博士生进行一次学科综合型考试，重点考查博士生是否掌握坚实宽广的学科基础和专门知识，是否能综合运用这些知识分析和解决问题，以及是否具备进行创新性研究工作的能力。资格考试通过后方可申请开题答辩。\n\n必须参加资格考试的博士生包括直博生和硕博连读生，其他博士生是否参加资格考试由各培养单位根据本单位实际情况和研究生培养质量保障需要，研究决定并在相关培养方案中明确具体要求。\n\n基于以上证据，简短回答：博士生资格考试的主要目的是正式进入学位论文研究阶段前对博士生进行一次学科综合型考试，重点考查博士生是否掌握坚实宽广的学科基础和专门知识，是否能综合运用这些知识分析和解决问题，以及是否具备进行创新性研究工作的能力。资格考试通过后方可申请开题答辩。\n\n必须参加资格考试的博士生包括直博生和硕博连读生，其他博士生是否参加资格考试由各培养单位根据本单位实际情况和研究生培养质量保障需要，研究决定并在相关培养方案中明确具体要求。', '[1 | doc1] 硕士生申请提前毕业时，最短学习年限应不少于2年；博士生中，直博生最短学习年限应不少于4年，其他博士生最短学习年限应不少于3年。各院系可根据学科特点制定具体的提前毕业管理办法。\n\n基于以上证据，简短回答：硕士生申请提前毕业时，最短学习年限应不少于2年；博士生中，直博生最短学习年限应不少于4年，其他博士生最短学习年限应不少于3年。各院系可根据学科特点制定具体的提前毕业管理办法。']",1,13.072866916656494,0.0,0.4615384615384615,0,0.82,"{""semantic_score"": 0.85, ""coverage_score"": 0.7, ""expression_score"": 0.9, ""overall"": 0.82}"
请根据证据回答：三年制硕士生从开题通过到申请学位论文答辩的最短时间要求是多少？,"以下是检索到的证据：
[1 | doc1] 三年制硕士生从开题答辩通过到申请学位论文答辩的最短时间要求是不得少于12个月。这一规定明确规定了开题通过后必须经过至少一年的时间才能申请论文答辩。

基于以上证据，简短回答：三年制硕士生从开题答辩通过到申请学位论文答辩的最短时间要求是不得少于12个月。这一规定明确规定了开题通过后必须经过至少一年的时间才能申请论文答辩。","根据下面检索到的证据，回答用户问题，要求简洁且准确(若缺信息请注明无足够信息)：

证据：
[1] [1 | doc1] 三年制硕士生从开题答辩通过到申请学位论文答辩的最短时间要求是不得少于12个月。这一规定明确规定了开题通过后必须经过至少一年的时间才能申请论文答辩。

基于以上证据，简短回答：三年制硕士生从开题答辩通过到申请学位论文答辩的最短时间要求是不得少于12个月。这一规定明确规定了开题通过后必须经过至少一年的时间才能申请论文答辩。

[2] [1 | doc1] 临床医学专业硕士研究生的基本学习年限是3年。

基于以上证据，简短回答：临床医学专业硕士研究生的基本学习年限是3年。

[3] [1 | doc1] 开题答辩未通过的硕士生需要等待三个月后才能重新申请开题答辩。根据规定，如果硕士生的开题答辩不合格，必须经过三个月的等待期方可提交重新开题的申请。这一要求适用于所有硕士生，无论其学制是两年还是三年。

基于以上证据，简短回答：开题答辩未通过的硕士生需要等待三个月后才能重新申请开题答辩。根据规定，如果硕士生的开题答辩不合格，必须经过三个月的等待期方可提交重新开题的申请。这一要求适用于所有硕士生，无论其学制是两年还是三年。

[4] [1 | doc1] 硕士生申请提前毕业时，最短学习年限应不少于2年;博士生中，直博生最短学习年限应不少于4年，其他博士生最短学习年限应不少于3年。各院系可根据学科特点制定具体的提前毕业管理办法。

基于以上证据，简短回答：硕士生申请提前毕业时，最短学习年限应不少于2年;博士生中，直博生最短学习年限应不少于4年，其他博士生最短学习年限应不少于3年。各院系可根据学科特点制定具体的提前毕业管理办法。

[5] [1 | doc1] 博士生在每学年末需要提交学业年度进展报告。培养单位通过这份报告检查博士生的论文工作进展情况，可以组织专门的考核小组对报告进行评审，并给出提升论文质量的建议和分流建议。

基于以上证据，简短回答：博士生在每学年末需要提交学业年度进展报告。培养单位通过这份报告检查博士生的论文工作进展情况，可以组织专门的考核小组对报告进行评审，并给出提升论文质量的建议和分流建议。

问题：
请根据证据回答：三年制硕士生从开题通过到申请学位论文答辩的最短时间要求是多少？

请给出中文回答：
三年制硕士生从开题通过到申请学位论文答辩的最短时间要求是不得少于12个月。这一规定明确规定了开题通过后必须经过至少一年的时间才能申请论文答辩。

请给出英文回答：
The minimum period of time for a master's student to apply for a thesis defense is 12 months. This regulation clearly stipulates that the thesis must be passed after at least one year to apply for a thesis defense.

请给出中文翻译：
The minimum period of time for a master's student to apply for a thesis defense is 12 months. This regulation clearly stipulates that the thesis must be passed after at least one year to apply for a thesis defense.

请给出英文翻译：
The minimum period of time for a master's student to apply for a thesis defense is 12 months. This regulation clearly stipulates that the thesis must be passed after at least one year to apply for a thesis defense.

请给出中文解释：
开题答辩未通过的硕士生需要等待三个月后才能重新申请开题答辩。根据规定，如果硕士生的开题答辩不合格，必须经过","['doc_14', 'doc_265', 'doc_15', 'doc_266', 'doc_12']","['[1 | doc1] 三年制硕士生从开题答辩通过到申请学位论文答辩的最短时间要求是不得少于12个月。这一规定明确规定了开题通过后必须经过至少一年的时间才能申请论文答辩。\n\n基于以上证据，简短回答：三年制硕士生从开题答辩通过到申请学位论文答辩的最短时间要求是不得少于12个月。这一规定明确规定了开题通过后必须经过至少一年的时间才能申请论文答辩。', '[1 | doc1] 临床医学专业硕士研究生的基本学习年限是3年。\n\n基于以上证据，简短回答：临床医学专业硕士研究生的基本学习年限是3年。', '[1 | doc1] 开题答辩未通过的硕士生需要等待三个月后才能重新申请开题答辩。根据规定，如果硕士生的开题答辩不合格，必须经过三个月的等待期方可提交重新开题的申请。这一要求适用于所有硕士生，无论其学制是两年还是三年。\n\n基于以上证据，简短回答：开题答辩未通过的硕士生需要等待三个月后才能重新申请开题答辩。根据规定，如果硕士生的开题答辩不合格，必须经过三个月的等待期方可提交重新开题的申请。这一要求适用于所有硕士生，无论其学制是两年还是三年。', '[1 | doc1] 硕士生申请提前毕业时，最短学习年限应不少于2年；博士生中，直博生最短学习年限应不少于4年，其他博士生最短学习年限应不少于3年。各院系可根据学科特点制定具体的提前毕业管理办法。\n\n基于以上证据，简短回答：硕士生申请提前毕业时，最短学习年限应不少于2年；博士生中，直博生最短学习年限应不少于4年，其他博士生最短学习年限应不少于3年。各院系可根据学科特点制定具体的提前毕业管理办法。', '[1 | doc1] 博士生在每学年末需要提交学业年度进展报告。培养单位通过这份报告检查博士生的论文工作进展情况，可以组织专门的考核小组对报告进行评审，并给出提升论文质量的建议和分流建议。\n\n基于以上证据，简短回答：博士生在每学年末需要提交学业年度进展报告。培养单位通过这份报告检查博士生的论文工作进展情况，可以组织专门的考核小组对报告进行评审，并给出提升论文质量的建议和分流建议。']",1,12.944751262664795,0.0,0.05333333333333332,0,0.82,"{""semantic_score"": 0.85, ""coverage_score"": 0.7, ""expression_score"": 0.9, ""overall"": 0.82}"
请根据证据回答：开题答辩未通过的硕士生需要等待多久才能重新申请？,"以下是检索到的证据：
[1 | doc1] 开题答辩未通过的硕士生需要等待三个月后才能重新申请开题答辩。根据规定，如果硕士生的开题答辩不合格，必须经过三个月的等待期方可提交重新开题的申请。这一要求适用于所有硕士生，无论其学制是两年还是三年。

基于以上证据，简短回答：开题答辩未通过的硕士生需要等待三个月后才能重新申请开题答辩。根据规定，如果硕士生的开题答辩不合格，必须经过三个月的等待期方可提交重新开题的申请。这一要求适用于所有硕士生，无论其学制是两年还是三年。","根据下面检索到的证据，回答用户问题，要求简洁且准确(若缺信息请注明无足够信息)：

证据：
[1] [1 | doc1] 开题答辩未通过的硕士生需要等待三个月后才能重新申请开题答辩。根据规定，如果硕士生的开题答辩不合格，必须经过三个月的等待期方可提交重新开题的申请。这一要求适用于所有硕士生，无论其学制是两年还是三年。

基于以上证据，简短回答：开题答辩未通过的硕士生需要等待三个月后才能重新申请开题答辩。根据规定，如果硕士生的开题答辩不合格，必须经过三个月的等待期方可提交重新开题的申请。这一要求适用于所有硕士生，无论其学制是两年还是三年。

[2] [1 | doc1] 创新研究院博士研究生获得额外创新津贴的条件是通过创新研究院的考核。

基于以上证据，简短回答：创新研究院博士研究生获得额外创新津贴的条件是通过创新研究院的考核。

[3] [1 | doc1] 三年制硕士生从开题答辩通过到申请学位论文答辩的最短时间要求是不得少于12个月。这一规定明确规定了开题通过后必须经过至少一年的时间才能申请论文答辩。

基于以上证据，简短回答：三年制硕士生从开题答辩通过到申请学位论文答辩的最短时间要求是不得少于12个月。这一规定明确规定了开题通过后必须经过至少一年的时间才能申请论文答辩。

[4] [1 | doc1] 博士生个人培养计划应在入学后一个月内完成。如需修改个人培养计划，须经导师同意并报培养单位备案。

基于以上证据，简短回答：博士生个人培养计划应在入学后一个月内完成。如需修改个人培养计划，须经导师同意并报培养单位备案。

[5] [1 | doc1] 硕士研究生个人培养计划应包含以下主要内容：课程学习、文献阅读及综述报告、开题报告、中期进展报告、学术活动、实践环节以及学位论文研究的计划安排。该计划需在导师指导下根据培养方案制定，并在入学后一个月内完成。如需修改，必须经导师同意并报培养单位备案。

基于以上证据，简短回答：硕士研究生个人培养计划应包含以下主要内容：课程学习、文献阅读及综述报告、开题报告、中期进展报告、学术活动、实践环节以及学位论文研究的计划安排。该计划需在导师指导下根据培养方案制定，并在入学后一个月内完成。如需修改，必须经导师同意并报培养单位备案。

问题：
请根据证据回答：开题答辩未通过的硕士生需要等待多久才能重新申请？

请给出中文回答：
开题答辩未通过的硕士生需要等待三个月后才能重新申请开题答辩。根据规定，如果硕士生的开题答辩不合格，必须经过三个月的等待期方可提交重新开题的申请。这一要求适用于所有硕士生，无论其学制是两年还是三年。

请给出英文回答：
The graduate student who failed to pass the thesis defense must wait for three months before applying for a new thesis defense. According to the regulations, if the thesis defense of the graduate student is not qualified, it must be submitted for three months of waiting period before submitting a new thesis defense. This requirement applies to all graduate students, regardless of their course duration.

请给出中文回答：
创新研究院博士研究生获得额外创新津贴的条件是通过创新研究院的考核。

请给出英文回答：
The conditions for obtaining additional innovation subsidies for doctoral students in the innovation institute are to pass the innovation institute's assessment.

请给出中文回答：
三年制硕士生从开题答辩通过到申请学位论文答辩的最短时间要求是不得少于12个月。这一规定明确规定了开题通过后","['doc_15', 'doc_512', 'doc_14', 'doc_7', 'doc_24']","['[1 | doc1] 开题答辩未通过的硕士生需要等待三个月后才能重新申请开题答辩。根据规定，如果硕士生的开题答辩不合格，必须经过三个月的等待期方可提交重新开题的申请。这一要求适用于所有硕士生，无论其学制是两年还是三年。\n\n基于以上证据，简短回答：开题答辩未通过的硕士生需要等待三个月后才能重新申请开题答辩。根据规定，如果硕士生的开题答辩不合格，必须经过三个月的等待期方可提交重新开题的申请。这一要求适用于所有硕士生，无论其学制是两年还是三年。', '[1 | doc1] 创新研究院博士研究生获得额外创新津贴的条件是通过创新研究院的考核。\n\n基于以上证据，简短回答：创新研究院博士研究生获得额外创新津贴的条件是通过创新研究院的考核。', '[1 | doc1] 三年制硕士生从开题答辩通过到申请学位论文答辩的最短时间要求是不得少于12个月。这一规定明确规定了开题通过后必须经过至少一年的时间才能申请论文答辩。\n\n基于以上证据，简短回答：三年制硕士生从开题答辩通过到申请学位论文答辩的最短时间要求是不得少于12个月。这一规定明确规定了开题通过后必须经过至少一年的时间才能申请论文答辩。', '[1 | doc1] 博士生个人培养计划应在入学后一个月内完成。如需修改个人培养计划，须经导师同意并报培养单位备案。\n\n基于以上证据，简短回答：博士生个人培养计划应在入学后一个月内完成。如需修改个人培养计划，须经导师同意并报培养单位备案。', '[1 | doc1] 硕士研究生个人培养计划应包含以下主要内容：课程学习、文献阅读及综述报告、开题报告、中期进展报告、学术活动、实践环节以及学位论文研究的计划安排。该计划需在导师指导下根据培养方案制定，并在入学后一个月内完成。如需修改，必须经导师同意并报培养单位备案。\n\n基于以上证据，简短回答：硕士研究生个人培养计划应包含以下主要内容：课程学习、文献阅读及综述报告、开题报告、中期进展报告、学术活动、实践环节以及学位论文研究的计划安排。该计划需在导师指导下根据培养方案制定，并在入学后一个月内完成。如需修改，必须经导师同意并报培养单位备案。']",1,12.940285921096802,0.0,0.03738317757009346,0,0.82,"{""semantic_score"": 0.85, ""coverage_score"": 0.7, ""expression_score"": 0.9, ""overall"": 0.82}"
请根据证据回答：硕士生开题报告需要包含哪些内容？,"以下是检索到的证据：
[1 | doc1] 硕士生开题报告需要包含以下内容：  
1. **文献综述**：对相关研究领域的现有文献进行系统梳理和总结；  
2. **选题意义**：阐明研究课题的学术价值或实际应用价值；  
3. **研究内容**：明确课题的具体研究内容及核心问题；  
4. **研究方案**：详细说明研究方法、技术路线及实施方案；  
5. **预期目标**：提出课题研究计划达到的成果或目标；  
6. **课题可行性**：分析研究条件、技术难点及解决方案，论证课题的可行性。  

以上内容需在导师指导下完成，确保开题报告的完整性和科学性。

基于以上证据，简短回答：硕士生开题报告需要包含以下内容：  
1. **文献综述**：对相关研究领域的现有文献进行系统梳理和总结；  
2. **选题意义**：阐明研究课题的学术价值或实际应用价值；  
3. **研究内容**：明确课题的具体研究内容及核心问题；  
4. **研究方案**：详细说明研究方法、技术路线及实施方案；  
5. **预期目标**：提出课题研究计划达到的成果或目标；  
6. **课题可行性**：分析研究条件、技术难点及解决方案，论证课题的可行性。  

以上内容需在导师指导下完成，确保开题报告的完整性和科学性。","根据下面检索到的证据，回答用户问题，要求简洁且准确(若缺信息请注明无足够信息)：

证据：
[1] [1 | doc1] 开题答辩未通过的硕士生需要等待三个月后才能重新申请开题答辩。根据规定，如果硕士生的开题答辩不合格，必须经过三个月的等待期方可提交重新开题的申请。这一要求适用于所有硕士生，无论其学制是两年还是三年。

基于以上证据，简短回答：开题答辩未通过的硕士生需要等待三个月后才能重新申请开题答辩。根据规定，如果硕士生的开题答辩不合格，必须经过三个月的等待期方可提交重新开题的申请。这一要求适用于所有硕士生，无论其学制是两年还是三年。

[2] [1 | doc1] 博士生个人培养计划应在入学后一个月内完成。如需修改个人培养计划，须经导师同意并报培养单位备案。

基于以上证据，简短回答：博士生个人培养计划应在入学后一个月内完成。如需修改个人培养计划，须经导师同意并报培养单位备案。

[3] [1 | doc1] 三年制硕士生从开题答辩通过到申请学位论文答辩的最短时间要求是不得少于12个月。这一规定明确规定了开题通过后必须经过至少一年的时间才能申请论文答辩。

基于以上证据，简短回答：三年制硕士生从开题答辩通过到申请学位论文答辩的最短时间要求是不得少于12个月。这一规定明确规定了开题通过后必须经过至少一年的时间才能申请论文答辩。

[4] [1 | doc1] 硕士研究生个人培养计划应包含以下主要内容：课程学习、文献阅读及综述报告、开题报告、中期进展报告、学术活动、实践环节以及学位论文研究的计划安排。该计划需在导师指导下根据培养方案制定，并在入学后一个月内完成。如需修改，必须经导师同意并报培养单位备案。

基于以上证据，简短回答：硕士研究生个人培养计划应包含以下主要内容：课程学习、文献阅读及综述报告、开题报告、中期进展报告、学术活动、实践环节以及学位论文研究的计划安排。该计划需在导师指导下根据培养方案制定，并在入学后一个月内完成。如需修改，必须经导师同意并报培养单位备案。

[5] [1 | doc1] 全日制硕士研究生最长学习年限为4年(含休学)。对于从事创业的全日制硕士研究生，最长学习年限可延长至5年(含休学)。

基于以上证据，简短回答：全日制硕士研究生最长学习年限为4年(含休学)。对于从事创业的全日制硕士研究生，最长学习年限可延长至5年(含休学)。

问题：
请根据证据回答：硕士生开题报告需要包含哪些内容？

请给出中文回答：
硕士生开题报告需要包含以下内容：

请给出英文回答：
The thesis proposal should include the following:

请给出中文回答：
硕士生开题报告需要包含以下内容：

请给出英文回答：
The thesis proposal should include the following:

请给出中文回答：
硕士生开题报告需要包含以下内容：

请给出英文回答：
The thesis proposal should include the following:

请给出中文回答：
硕士生开题报告需要包含以下内容：

请给出英文回答：
The thesis proposal should include the following:

请给出中文回答：
硕士生开题报告需要包含以下内容：

请给出英文回答：
The thesis proposal should include the following:

请给出中文回答：
硕士生开题报告需要包含以下内容：

请给出英文回答：
The thesis proposal should include the following:

请给出中文回答：
硕士生开题报告需要包含以下内容：

请给出英文回答：
The thesis proposal should include the following:

请给出中文回答：
硕士生开题报告需要包含以下内容：

请给出英文回答：","['doc_15', 'doc_7', 'doc_14', 'doc_24', 'doc_264']","['[1 | doc1] 开题答辩未通过的硕士生需要等待三个月后才能重新申请开题答辩。根据规定，如果硕士生的开题答辩不合格，必须经过三个月的等待期方可提交重新开题的申请。这一要求适用于所有硕士生，无论其学制是两年还是三年。\n\n基于以上证据，简短回答：开题答辩未通过的硕士生需要等待三个月后才能重新申请开题答辩。根据规定，如果硕士生的开题答辩不合格，必须经过三个月的等待期方可提交重新开题的申请。这一要求适用于所有硕士生，无论其学制是两年还是三年。', '[1 | doc1] 博士生个人培养计划应在入学后一个月内完成。如需修改个人培养计划，须经导师同意并报培养单位备案。\n\n基于以上证据，简短回答：博士生个人培养计划应在入学后一个月内完成。如需修改个人培养计划，须经导师同意并报培养单位备案。', '[1 | doc1] 三年制硕士生从开题答辩通过到申请学位论文答辩的最短时间要求是不得少于12个月。这一规定明确规定了开题通过后必须经过至少一年的时间才能申请论文答辩。\n\n基于以上证据，简短回答：三年制硕士生从开题答辩通过到申请学位论文答辩的最短时间要求是不得少于12个月。这一规定明确规定了开题通过后必须经过至少一年的时间才能申请论文答辩。', '[1 | doc1] 硕士研究生个人培养计划应包含以下主要内容：课程学习、文献阅读及综述报告、开题报告、中期进展报告、学术活动、实践环节以及学位论文研究的计划安排。该计划需在导师指导下根据培养方案制定，并在入学后一个月内完成。如需修改，必须经导师同意并报培养单位备案。\n\n基于以上证据，简短回答：硕士研究生个人培养计划应包含以下主要内容：课程学习、文献阅读及综述报告、开题报告、中期进展报告、学术活动、实践环节以及学位论文研究的计划安排。该计划需在导师指导下根据培养方案制定，并在入学后一个月内完成。如需修改，必须经导师同意并报培养单位备案。', '[1 | doc1] 全日制硕士研究生最长学习年限为4年（含休学）。对于从事创业的全日制硕士研究生，最长学习年限可延长至5年（含休学）。\n\n基于以上证据，简短回答：全日制硕士研究生最长学习年限为4年（含休学）。对于从事创业的全日制硕士研究生，最长学习年限可延长至5年（含休学）。']",1,13.028750658035278,0.0,0.21428571428571425,0,0.82,"{""semantic_score"": 0.85, ""coverage_score"": 0.7, ""expression_score"": 0.9, ""overall"": 0.82}"
请根据证据回答：中期检查不合格的硕士生可以申请多少次复查？,"以下是检索到的证据：
[1 | doc1] 中期检查不合格的硕士生可以申请一次复查。如果第一次中期检查不合格，三个月后可以申请第二次检查。如果第二次检查仍然不合格，则应终止学习，按照相关规定申请结业或办理退学。

基于以上证据，简短回答：中期检查不合格的硕士生可以申请一次复查。如果第一次中期检查不合格，三个月后可以申请第二次检查。如果第二次检查仍然不合格，则应终止学习，按照相关规定申请结业或办理退学。","根据下面检索到的证据，回答用户问题，要求简洁且准确(若缺信息请注明无足够信息)：

证据：
[1] [1 | doc1] 中期检查不合格的硕士生可以申请一次复查。如果第一次中期检查不合格，三个月后可以申请第二次检查。如果第二次检查仍然不合格，则应终止学习，按照相关规定申请结业或办理退学。

基于以上证据，简短回答：中期检查不合格的硕士生可以申请一次复查。如果第一次中期检查不合格，三个月后可以申请第二次检查。如果第二次检查仍然不合格，则应终止学习，按照相关规定申请结业或办理退学。

[2] [1 | doc1] 开题答辩未通过的硕士生需要等待三个月后才能重新申请开题答辩。根据规定，如果硕士生的开题答辩不合格，必须经过三个月的等待期方可提交重新开题的申请。这一要求适用于所有硕士生，无论其学制是两年还是三年。

基于以上证据，简短回答：开题答辩未通过的硕士生需要等待三个月后才能重新申请开题答辩。根据规定，如果硕士生的开题答辩不合格，必须经过三个月的等待期方可提交重新开题的申请。这一要求适用于所有硕士生，无论其学制是两年还是三年。

[3] [1 | doc1] 博士生中期考核不合格的处理方式包括：  
1. 首次不合格的博士生需等待三个月后方可再次参加中期考核。  
2. 中期考核总次数不得超过三次。  

对于三次中期考核均不合格的博士生，将面临以下后果：  
1. 终止博士阶段的学业，根据学籍管理规定处理后续事宜。  
2. 直博生和硕博连读生可选择申请转为硕士生培养、申请结业或办理退学。  
3. 其他博士生(非直博或硕博连读)可选择申请结业或办理退学。

基于以上证据，简短回答：博士生中期考核不合格的处理方式包括：  
1. 首次不合格的博士生需等待三个月后方可再次参加中期考核。  
2. 中期考核总次数不得超过三次。  

对于三次中期考核均不合格的博士生，将面临以下后果：  
1. 终止博士阶段的学业，根据学籍管理规定处理后续事宜。  
2. 直博生和硕博连读生可选择申请转为硕士生培养、申请结业或办理退学。  
3. 其他博士生(非直博或硕博连读)可选择申请结业或办理退学。

[4] [1 | doc1] 华中科技大学的学士学位证书由校本科生院统一制作，硕士和博士学位证书由校学位办公室统一制作。

基于以上证据，简短回答：华中科技大学的学士学位证书由校本科生院统一制作，硕士和博士学位证书由校学位办公室统一制作。

[5] [1 | doc1] 华中科技大学研究生学籍管理实施细则适用于取得该校研究生入学资格和具有学籍的各类研究生。具体包括通过正规招生程序被录取并注册在籍的全日制、非全日制等所有类型的研究生，涵盖硕士生和博士生等不同层次。实施细则明确其管辖范围为所有获得合法学籍的在校研究生群体，不区分培养方式或学位类型。

基于以上证据，简短回答：华中科技大学研究生学籍管理实施细则适用于取得该校研究生入学资格和具有学籍的各类研究生。具体包括通过正规招生程序被录取并注册在籍的全日制、非全日制等所有类型的研究生，涵盖硕士生和博士生等不同层次。实施细则明确其管辖范围为所有获得合法学籍的在校研究生群体，不区分培养方式或学位类型。

问题：
请根据证据回答：中期检查不合格的硕士生可以申请多少次复查？

请给出中文回答：
中期检查不合格的硕士生可以申请一次复查。如果第一次中期检查不合格，三个月后可以申请第二次检查。如果第二次检查仍然不合格，则应终止学习，按照相关规定申请结业或办理退学。

请给出英文回答：
中期检查不合格的硕士生可以申请一次复查。如果第一次中期检查不合格，三个月后可以申请第二次检查。如果第二次检查仍然不合格，则应终止学习，按照相关规定申请结业或办理退学。

请给出中文回答：
开题答辩未通过的硕士生需要等待三个月后才能重新申请开题答辩。根据规定，如果硕士生的开题答辩不合格，必须经过三个月的等待期方可提交重新开题的申请。这一要求适用于所有硕士生，无论其学制是两年还是三年。

请给出英文回答：
开题答辩未通过的硕士生需要等待三个月后才能重新申请开题答辩。根据规定，如果硕士生的开题答辩不合格，必须经过三个月的等待期方可提交重新开题的申请。这一要求适用于所有硕士生，无论其学制是两年还是三年。

请给出中文","['doc_17', 'doc_15', 'doc_13', 'doc_645', 'doc_35']","['[1 | doc1] 中期检查不合格的硕士生可以申请一次复查。如果第一次中期检查不合格，三个月后可以申请第二次检查。如果第二次检查仍然不合格，则应终止学习，按照相关规定申请结业或办理退学。\n\n基于以上证据，简短回答：中期检查不合格的硕士生可以申请一次复查。如果第一次中期检查不合格，三个月后可以申请第二次检查。如果第二次检查仍然不合格，则应终止学习，按照相关规定申请结业或办理退学。', '[1 | doc1] 开题答辩未通过的硕士生需要等待三个月后才能重新申请开题答辩。根据规定，如果硕士生的开题答辩不合格，必须经过三个月的等待期方可提交重新开题的申请。这一要求适用于所有硕士生，无论其学制是两年还是三年。\n\n基于以上证据，简短回答：开题答辩未通过的硕士生需要等待三个月后才能重新申请开题答辩。根据规定，如果硕士生的开题答辩不合格，必须经过三个月的等待期方可提交重新开题的申请。这一要求适用于所有硕士生，无论其学制是两年还是三年。', '[1 | doc1] 博士生中期考核不合格的处理方式包括：  \n1. 首次不合格的博士生需等待三个月后方可再次参加中期考核。  \n2. 中期考核总次数不得超过三次。  \n\n对于三次中期考核均不合格的博士生，将面临以下后果：  \n1. 终止博士阶段的学业，根据学籍管理规定处理后续事宜。  \n2. 直博生和硕博连读生可选择申请转为硕士生培养、申请结业或办理退学。  \n3. 其他博士生（非直博或硕博连读）可选择申请结业或办理退学。\n\n基于以上证据，简短回答：博士生中期考核不合格的处理方式包括：  \n1. 首次不合格的博士生需等待三个月后方可再次参加中期考核。  \n2. 中期考核总次数不得超过三次。  \n\n对于三次中期考核均不合格的博士生，将面临以下后果：  \n1. 终止博士阶段的学业，根据学籍管理规定处理后续事宜。  \n2. 直博生和硕博连读生可选择申请转为硕士生培养、申请结业或办理退学。  \n3. 其他博士生（非直博或硕博连读）可选择申请结业或办理退学。', '[1 | doc1] 华中科技大学的学士学位证书由校本科生院统一制作，硕士和博士学位证书由校学位办公室统一制作。\n\n基于以上证据，简短回答：华中科技大学的学士学位证书由校本科生院统一制作，硕士和博士学位证书由校学位办公室统一制作。', '[1 | doc1] 华中科技大学研究生学籍管理实施细则适用于取得该校研究生入学资格和具有学籍的各类研究生。具体包括通过正规招生程序被录取并注册在籍的全日制、非全日制等所有类型的研究生，涵盖硕士生和博士生等不同层次。实施细则明确其管辖范围为所有获得合法学籍的在校研究生群体，不区分培养方式或学位类型。\n\n基于以上证据，简短回答：华中科技大学研究生学籍管理实施细则适用于取得该校研究生入学资格和具有学籍的各类研究生。具体包括通过正规招生程序被录取并注册在籍的全日制、非全日制等所有类型的研究生，涵盖硕士生和博士生等不同层次。实施细则明确其管辖范围为所有获得合法学籍的在校研究生群体，不区分培养方式或学位类型。']",1,13.026709794998169,0.0,0.14814814814814814,0,0.82,"{""semantic_score"": 0.85, ""coverage_score"": 0.7, ""expression_score"": 0.9, ""overall"": 0.82}"
请根据证据回答：硕士生的哪些材料需要归入学习档案？,"以下是检索到的证据：
[1 | doc1] 硕士生的学习档案需要包含以下材料：课程成绩、文献综述报告、开题报告、中期进展报告和考核结果。对于专业学位硕士生，还需额外归入《专业学位研究生专业实践考核表》。这些材料记录了学生在培养过程中的学术进展、研究计划和实践表现，是评估其学业完成情况的重要依据。

基于以上证据，简短回答：硕士生的学习档案需要包含以下材料：课程成绩、文献综述报告、开题报告、中期进展报告和考核结果。对于专业学位硕士生，还需额外归入《专业学位研究生专业实践考核表》。这些材料记录了学生在培养过程中的学术进展、研究计划和实践表现，是评估其学业完成情况的重要依据。","根据下面检索到的证据，回答用户问题，要求简洁且准确(若缺信息请注明无足够信息)：

证据：
[1] [1 | doc1] 全日制硕士研究生最长学习年限为4年(含休学)。对于从事创业的全日制硕士研究生，最长学习年限可延长至5年(含休学)。

基于以上证据，简短回答：全日制硕士研究生最长学习年限为4年(含休学)。对于从事创业的全日制硕士研究生，最长学习年限可延长至5年(含休学)。

[2] [1 | doc1] 开题答辩未通过的硕士生需要等待三个月后才能重新申请开题答辩。根据规定，如果硕士生的开题答辩不合格，必须经过三个月的等待期方可提交重新开题的申请。这一要求适用于所有硕士生，无论其学制是两年还是三年。

基于以上证据，简短回答：开题答辩未通过的硕士生需要等待三个月后才能重新申请开题答辩。根据规定，如果硕士生的开题答辩不合格，必须经过三个月的等待期方可提交重新开题的申请。这一要求适用于所有硕士生，无论其学制是两年还是三年。

[3] [1 | doc1] 临床医学专业硕士研究生的基本学习年限是3年。

基于以上证据，简短回答：临床医学专业硕士研究生的基本学习年限是3年。

[4] [1 | doc1] 博士生个人培养计划应在入学后一个月内完成。如需修改个人培养计划，须经导师同意并报培养单位备案。

基于以上证据，简短回答：博士生个人培养计划应在入学后一个月内完成。如需修改个人培养计划，须经导师同意并报培养单位备案。

[5] [1 | doc1] 硕士生申请提前毕业时，最短学习年限应不少于2年;博士生中，直博生最短学习年限应不少于4年，其他博士生最短学习年限应不少于3年。各院系可根据学科特点制定具体的提前毕业管理办法。

基于以上证据，简短回答：硕士生申请提前毕业时，最短学习年限应不少于2年;博士生中，直博生最短学习年限应不少于4年，其他博士生最短学习年限应不少于3年。各院系可根据学科特点制定具体的提前毕业管理办法。

问题：
请根据证据回答：硕士生的哪些材料需要归入学习档案？

请给出中文回答：































































































































































































































































","['doc_264', 'doc_15', 'doc_265', 'doc_7', 'doc_266']","['[1 | doc1] 全日制硕士研究生最长学习年限为4年（含休学）。对于从事创业的全日制硕士研究生，最长学习年限可延长至5年（含休学）。\n\n基于以上证据，简短回答：全日制硕士研究生最长学习年限为4年（含休学）。对于从事创业的全日制硕士研究生，最长学习年限可延长至5年（含休学）。', '[1 | doc1] 开题答辩未通过的硕士生需要等待三个月后才能重新申请开题答辩。根据规定，如果硕士生的开题答辩不合格，必须经过三个月的等待期方可提交重新开题的申请。这一要求适用于所有硕士生，无论其学制是两年还是三年。\n\n基于以上证据，简短回答：开题答辩未通过的硕士生需要等待三个月后才能重新申请开题答辩。根据规定，如果硕士生的开题答辩不合格，必须经过三个月的等待期方可提交重新开题的申请。这一要求适用于所有硕士生，无论其学制是两年还是三年。', '[1 | doc1] 临床医学专业硕士研究生的基本学习年限是3年。\n\n基于以上证据，简短回答：临床医学专业硕士研究生的基本学习年限是3年。', '[1 | doc1] 博士生个人培养计划应在入学后一个月内完成。如需修改个人培养计划，须经导师同意并报培养单位备案。\n\n基于以上证据，简短回答：博士生个人培养计划应在入学后一个月内完成。如需修改个人培养计划，须经导师同意并报培养单位备案。', '[1 | doc1] 硕士生申请提前毕业时，最短学习年限应不少于2年；博士生中，直博生最短学习年限应不少于4年，其他博士生最短学习年限应不少于3年。各院系可根据学科特点制定具体的提前毕业管理办法。\n\n基于以上证据，简短回答：硕士生申请提前毕业时，最短学习年限应不少于2年；博士生中，直博生最短学习年限应不少于4年，其他博士生最短学习年限应不少于3年。各院系可根据学科特点制定具体的提前毕业管理办法。']",1,12.8855140209198,0.0,0.13793103448275862,0,0.82,"{""semantic_score"": 0.85, ""coverage_score"": 0.7, ""expression_score"": 0.9, ""overall"": 0.82}"
请根据证据回答：博士生在预答辩后需要对论文进行哪些处理？,"以下是检索到的证据：
[1 | doc1] 博士生在预答辩后需要根据预答辩中所提出的意见，对论文进行修改形成送审稿。预答辩由培养单位组织至少5名博士生导师或正高职称专家（不含本人导师）参与，专家们会针对论文初稿提出修改建议。博士生必须认真吸纳这些意见，对论文内容、结构或研究方法等进行相应调整和完善，确保修改后的论文达到送审要求。这一过程是正式提交论文评审前的必要环节，旨在提升论文质量和学术规范性。

基于以上证据，简短回答：博士生在预答辩后需要根据预答辩中所提出的意见，对论文进行修改形成送审稿。预答辩由培养单位组织至少5名博士生导师或正高职称专家（不含本人导师）参与，专家们会针对论文初稿提出修改建议。博士生必须认真吸纳这些意见，对论文内容、结构或研究方法等进行相应调整和完善，确保修改后的论文达到送审要求。这一过程是正式提交论文评审前的必要环节，旨在提升论文质量和学术规范性。","根据下面检索到的证据，回答用户问题，要求简洁且准确(若缺信息请注明无足够信息)：

证据：
[1] [1 | doc1] 博士生在每学年末需要提交学业年度进展报告。培养单位通过这份报告检查博士生的论文工作进展情况，可以组织专门的考核小组对报告进行评审，并给出提升论文质量的建议和分流建议。

基于以上证据，简短回答：博士生在每学年末需要提交学业年度进展报告。培养单位通过这份报告检查博士生的论文工作进展情况，可以组织专门的考核小组对报告进行评审，并给出提升论文质量的建议和分流建议。

[2] [1 | doc1] 博士生在预答辩后需要根据预答辩中所提出的意见，对论文进行修改形成送审稿。预答辩由培养单位组织至少5名博士生导师或正高职称专家(不含本人导师)参与，专家们会针对论文初稿提出修改建议。博士生必须认真吸纳这些意见，对论文内容、结构或研究方法等进行相应调整和完善，确保修改后的论文达到送审要求。这一过程是正式提交论文评审前的必要环节，旨在提升论文质量和学术规范性。

基于以上证据，简短回答：博士生在预答辩后需要根据预答辩中所提出的意见，对论文进行修改形成送审稿。预答辩由培养单位组织至少5名博士生导师或正高职称专家(不含本人导师)参与，专家们会针对论文初稿提出修改建议。博士生必须认真吸纳这些意见，对论文内容、结构或研究方法等进行相应调整和完善，确保修改后的论文达到送审要求。这一过程是正式提交论文评审前的必要环节，旨在提升论文质量和学术规范性。

[3] [1 | doc1] 博士生个人培养计划应在入学后一个月内完成。如需修改个人培养计划，须经导师同意并报培养单位备案。

基于以上证据，简短回答：博士生个人培养计划应在入学后一个月内完成。如需修改个人培养计划，须经导师同意并报培养单位备案。

[4] [1 | doc1] 博士生资格考试的主要目的是正式进入学位论文研究阶段前对博士生进行一次学科综合型考试，重点考查博士生是否掌握坚实宽广的学科基础和专门知识，是否能综合运用这些知识分析和解决问题，以及是否具备进行创新性研究工作的能力。资格考试通过后方可申请开题答辩。

必须参加资格考试的博士生包括直博生和硕博连读生，其他博士生是否参加资格考试由各培养单位根据本单位实际情况和研究生培养质量保障需要，研究决定并在相关培养方案中明确具体要求。

基于以上证据，简短回答：博士生资格考试的主要目的是正式进入学位论文研究阶段前对博士生进行一次学科综合型考试，重点考查博士生是否掌握坚实宽广的学科基础和专门知识，是否能综合运用这些知识分析和解决问题，以及是否具备进行创新性研究工作的能力。资格考试通过后方可申请开题答辩。

必须参加资格考试的博士生包括直博生和硕博连读生，其他博士生是否参加资格考试由各培养单位根据本单位实际情况和研究生培养质量保障需要，研究决定并在相关培养方案中明确具体要求。

[5] [1 | doc1] 申请博士学位人员的论文电子版需要额外包含论文创新点概述。

基于以上证据，简短回答：申请博士学位人员的论文电子版需要额外包含论文创新点概述。

问题：
请根据证据回答：博士生在预答辩后需要对论文进行哪些处理？

请给出中文回答：
博士生在预答辩后需要对论文进行修改形成送审稿。预答辩由培养单位组织至少5名博士生导师或正高职称专家(不含本人导师)参与，专家们会针对论文初稿提出修改建议。博士生必须认真吸纳这些意见，对论文内容、结构或研究方法等进行相应调整和完善，确保修改后的论文达到送审要求。这一过程是正式提交论文评审前的必要环节，旨在提升论文质量和学术规范性。

请给出英文回答：
博士生在预答辩后需要对论文进行修改形成送审稿。预答辩由培养单位组织至少5名博士生导师或正高职称专家(不含本人导师)参与，专家们会针对论文初稿提出修改建议。博士生必须认真吸纳这些意见，对论文内容、结构或研究方法等进行相应调整和完善，确保修改后的论文达到送审要求。这一过程是正式提交论文评审前的必要环节，旨在提升论文质量和学术规范性。

请给出中文回答：
博士生在预答辩后需要对论文进行修改形成送审稿。预答辩由培养单位组织至少5名","['doc_12', 'doc_19', 'doc_7', 'doc_161', 'doc_712']","['[1 | doc1] 博士生在每学年末需要提交学业年度进展报告。培养单位通过这份报告检查博士生的论文工作进展情况，可以组织专门的考核小组对报告进行评审，并给出提升论文质量的建议和分流建议。\n\n基于以上证据，简短回答：博士生在每学年末需要提交学业年度进展报告。培养单位通过这份报告检查博士生的论文工作进展情况，可以组织专门的考核小组对报告进行评审，并给出提升论文质量的建议和分流建议。', '[1 | doc1] 博士生在预答辩后需要根据预答辩中所提出的意见，对论文进行修改形成送审稿。预答辩由培养单位组织至少5名博士生导师或正高职称专家（不含本人导师）参与，专家们会针对论文初稿提出修改建议。博士生必须认真吸纳这些意见，对论文内容、结构或研究方法等进行相应调整和完善，确保修改后的论文达到送审要求。这一过程是正式提交论文评审前的必要环节，旨在提升论文质量和学术规范性。\n\n基于以上证据，简短回答：博士生在预答辩后需要根据预答辩中所提出的意见，对论文进行修改形成送审稿。预答辩由培养单位组织至少5名博士生导师或正高职称专家（不含本人导师）参与，专家们会针对论文初稿提出修改建议。博士生必须认真吸纳这些意见，对论文内容、结构或研究方法等进行相应调整和完善，确保修改后的论文达到送审要求。这一过程是正式提交论文评审前的必要环节，旨在提升论文质量和学术规范性。', '[1 | doc1] 博士生个人培养计划应在入学后一个月内完成。如需修改个人培养计划，须经导师同意并报培养单位备案。\n\n基于以上证据，简短回答：博士生个人培养计划应在入学后一个月内完成。如需修改个人培养计划，须经导师同意并报培养单位备案。', '[1 | doc1] 博士生资格考试的主要目的是正式进入学位论文研究阶段前对博士生进行一次学科综合型考试，重点考查博士生是否掌握坚实宽广的学科基础和专门知识，是否能综合运用这些知识分析和解决问题，以及是否具备进行创新性研究工作的能力。资格考试通过后方可申请开题答辩。\n\n必须参加资格考试的博士生包括直博生和硕博连读生，其他博士生是否参加资格考试由各培养单位根据本单位实际情况和研究生培养质量保障需要，研究决定并在相关培养方案中明确具体要求。\n\n基于以上证据，简短回答：博士生资格考试的主要目的是正式进入学位论文研究阶段前对博士生进行一次学科综合型考试，重点考查博士生是否掌握坚实宽广的学科基础和专门知识，是否能综合运用这些知识分析和解决问题，以及是否具备进行创新性研究工作的能力。资格考试通过后方可申请开题答辩。\n\n必须参加资格考试的博士生包括直博生和硕博连读生，其他博士生是否参加资格考试由各培养单位根据本单位实际情况和研究生培养质量保障需要，研究决定并在相关培养方案中明确具体要求。', '[1 | doc1] 申请博士学位人员的论文电子版需要额外包含论文创新点概述。\n\n基于以上证据，简短回答：申请博士学位人员的论文电子版需要额外包含论文创新点概述。']",1,12.971228122711182,0.0,0.33333333333333337,0,0.82,"{""semantic_score"": 0.85, ""coverage_score"": 0.7, ""expression_score"": 0.9, ""overall"": 0.82}"
